UID,Titulo,Descripción,Etiqueta de las Filas,Número de Filas,Número de Columnas,alcance_geografico,es_viable,ds_encabezados_utiles,Información de la Entidad: Nombre de la Entidad,Información de la Entidad: Sector,Información de la Entidad: Orden,Información de la Entidad: Departamento,Información de la Entidad: Municipio,Categoría,Etiqueta,Fecha de última actualización de datos (UTC),API,url,ds_reto_principal,ds_retos_secundarios,ds_potencial_integracion,ds_score_relevancia,ds_calidad_datos,ds_justificacion,ds_reto_sugerido,ds_justificacion_sugerida
gaic-b8aw,Exportaciones agrícolas no tradicionales y tradicionales,El indicador mide el valor en dólares de las exportaciones agropecuarias no tradicionales y tradicionales,,106.888,13.0,internacional,True,True,Ministerio de Agricultura y Desarrollo Rural,Agricultura y Desarrollo Social,Nacional,Bogotá D.C.,Bogotá D.C.,Agricultura y Desarrollo Rural,exportaciones no tradicionales,2021 Dec 17 04:03:33 PM,https://www.datos.gov.co/resource/gaic-b8aw.json,https://www.datos.gov.co/d/gaic-b8aw,R04_Agricultura,R05_Economia,R05_Economia,5,3,[Objetivo] Análisis de exportaciones agrícolas | [Insumos] Valor en dólares de exportaciones agropecuarias | [Impacto] Información para políticas comerciales y competitividad | [Metodo] Razonamiento,,
h3uz-jvkj,Base de datos relacionada con área plantada con Plantaciones Forestales Comerciales.,La base de datos contiene los registros administrativos de las áreas establecidas con plantaciones con fines comerciales en todo el territorio nacional a nivel departamental.,,31.103,12.0,nacional,True,True,Ministerio de Agricultura y Desarrollo Rural,Agricultura y Desarrollo Social,Nacional,Bogotá D.C.,Bogotá D.C.,Agricultura y Desarrollo Rural,plantación forestal,2022 Nov 24 02:54:38 PM,https://www.datos.gov.co/resource/h3uz-jvkj.json,https://www.datos.gov.co/d/h3uz-jvkj,R04_Agricultura,,,5,3,[Objetivo] Predicción de rendimiento de plantaciones forestales comerciales | [Insumos] Áreas plantadas a nivel departamental | [Impacto] Productividad y resiliencia rural | [Metodo] Razonamiento,,
9aan-wm8m,Base de datos relacionada con madera movilizada proveniente de Plantaciones Forestales Comerciales,La base de datos contiene los registros de los certificados de movilización de madera proveniente de plantaciones con fines comerciales en el territorio nacional a nivel departamental.,,55.400,9.0,nacional,True,True,Ministerio de Agricultura y Desarrollo Rural,Agricultura y Desarrollo Social,Nacional,Bogotá D.C.,Bogotá D.C.,Agricultura y Desarrollo Rural,"plantación forestal,madera",2022 Nov 24 03:03:15 PM,https://www.datos.gov.co/resource/9aan-wm8m.json,https://www.datos.gov.co/d/9aan-wm8m,R04_Agricultura,,,5,3,[Objetivo] Predicción de movilización de madera de plantaciones forestales | [Insumos] Certificados de movilización con 55 filas | [Impacto] Gestión forestal productiva y resiliencia rural | [Metodo] Razonamiento,,
2pnw-mmge,Evaluaciones Agropecuarias Municipales EVA,"Base histórica de los años 2007 a 2018, relacionada con la producción agrícola Nacional, adicionalmente, brinda a los diversos actores con especial énfasis en los productores, información agrícola regional y nacional que fortalece procesos productivos y de comercialización.","Base, Agricola, Cultivos",206.068,17.0,nacional,True,True,Ministerio de Agricultura y Desarrollo Rural,Agricultura y Desarrollo Social,Nacional,Bogotá D.C.,Bogotá D.C.,Agricultura y Desarrollo Rural,,2019 Nov 24 07:29:32 PM,https://www.datos.gov.co/resource/2pnw-mmge.json,https://www.datos.gov.co/d/2pnw-mmge,R04_Agricultura,,,5,4,[Objetivo] Evaluación agropecuaria municipal para planificación territorial | [Insumos] datos históricos de producción agrícola por municipio | [Impacto] decisiones informadas para el desarrollo rural | [Metodo] Razonamiento,,
fptv-axay,Madera movilizada proveniente de Plantaciones Forestales Comerciales,Base de datos relacionada con madera movilizada proveniente de Plantaciones Forestales Comerciales 2019 a 2022,Madera Movilizada,770.817,11.0,nacional,True,True,Ministerio de Agricultura y Desarrollo Rural,Agricultura y Desarrollo Social,Nacional,Bogotá D.C.,Bogotá D.C.,Agricultura y Desarrollo Rural,madera,2023 Aug 22 07:02:05 PM,https://www.datos.gov.co/resource/fptv-axay.json,https://www.datos.gov.co/d/fptv-axay,R04_Agricultura,R05_Economia,R06_MedioAmbiente,5,4,[Objetivo] Monitorear movilización de madera de plantaciones | [Insumos] volúmenes movilizados | [Impacto] gestión forestal sostenible y económico | [Metodo] Razonamiento,,
pqyc-6c6m,Base de plantaciones forestales con fines comerciales,La base contiene el total de hectáreas sembradas con plantaciones forestales comerciales y las hectáreas sembradas bajo sistemas agroforestales en el país.,,32.669,12.0,nacional,True,True,"Ministerio De Agricultura Y Desarrollo Rural - MinAgricultura, Bogotá D.C.",,Nacional,Bogotá D.C.,Bogotá D.C.,Agricultura y Desarrollo Rural,,2025 Oct 08 04:33:49 PM,https://www.datos.gov.co/resource/pqyc-6c6m.json,https://www.datos.gov.co/d/pqyc-6c6m,R04_Agricultura,,,5,3,"[Objetivo] Predicción de rendimiento agrícola forestal | [Insumos] hectáreas sembradas, sistemas agroforestales | [Impacto] Mayor productividad y resiliencia rural | [Metodo] Razonamiento",,
5fct-ib9u,Exportaciones agrícolas no tradicionales y tradicionales,Este conjunto de datos presenta la información de las exportaciones del sector agrícola medidas en dólares FOB y toneladas. Las exportaciones presentadas abarcan el ámbito de OMC y pesca desde el año 2019 con corte a Agosto del 2025.,Exportación,544.914,9.0,nacional,True,True,"Ministerio De Agricultura Y Desarrollo Rural - MinAgricultura, Bogotá D.C.",Agricultura y Desarrollo Rural,Nacional,Bogotá D.C.,Bogotá D.C.,Agricultura y Desarrollo Rural,"agrícola,exportaciones",2025 Nov 14 08:04:07 PM,https://www.datos.gov.co/resource/5fct-ib9u.json,https://www.datos.gov.co/d/5fct-ib9u,R04_Agricultura,R05_Economia,,5,4,[Objetivo] Análisis de exportaciones del sector agrícola | [Insumos] exportaciones agrícolas en dólares y toneladas | [Impacto] Orientación de políticas de comercio exterior y producción | [Metodo] Razonamiento,,
t2ub-gnud,Base de movilización de los productos forestales maderables y no maderables,"La base contiene el total de productos forestales maderables y no maderables movilizados en el periodo de tiempo descrito, según lo reportado por el Instituto Colombia Agropecuario - ICA y elMinisterio  de Ambiente y Desarrollo Sostenible -  MADS.",Exportaciones,395.380,11.0,nacional,True,True,"Ministerio De Agricultura Y Desarrollo Rural - MinAgricultura, Bogotá D.C.",,Nacional,Bogotá D.C.,Bogotá D.C.,Agricultura y Desarrollo Rural,,2025 Oct 08 02:38:01 PM,https://www.datos.gov.co/resource/t2ub-gnud.json,https://www.datos.gov.co/d/t2ub-gnud,R04_Agricultura,,,5,4,[Objetivo] Seguimiento de producción forestal maderable y no maderable | [Insumos] movilización de productos forestales reportada por ICA y MADS | [Impacto] Gestión sostenible de recursos forestales y cadenas productivas | [Metodo] Razonamiento,,
2zat-xcnr,"Vista hoja de ruta - número de datos abierto sector de agricultura, pesquero y desarrollo rural",Contiene las entidades del sector agro que están aperturando datos en el portal de datos abiertos,recurso,17,2.0,nacional,True,True,Ministerio de Agricultura,Agro,Nacional,Bogotá D.C.,Bogotá D.C.,Agricultura y Desarrollo Rural,,2026 Apr 20 07:30:42 PM,https://www.datos.gov.co/resource/2zat-xcnr.json,https://www.datos.gov.co/d/2zat-xcnr,R07_Innovacion,R04_Agricultura,,4,2,[Objetivo] Monitoreo de apertura de datos abiertos en sector agro. | [Insumos] Listado de entidades que publican datos abiertos. | [Impacto] Facilita la construcción de asistentes virtuales para el ecosistema de datos. | [Metodo] Razonamiento,,
h7mi-sbxb,Exportaciones agrícolas no tradicionales y tradicionales,El indicador mide el valor en dólares de las exportaciones agropecuarias no tradicionales y tradicionales.,"Año, Mes, Departamento, Producto General, Descripción, Partida 4 Dígitos, Partida, Descripción Partida 10 Dígitos, Exportaciones en valor (Miles USD FOB), Exportaciones en volumen (toneladas)",1.332,9.0,nacional,True,True,Ministerio de Agricultura y Desarrollo Rural,Agricultura y Desarrollo Social,Nacional,Bogotá D.C.,Bogotá D.C.,Agricultura y Desarrollo Rural,"exportaciones,exportaciones no tradicionales",2022 Nov 16 01:57:08 PM,https://www.datos.gov.co/resource/h7mi-sbxb.json,https://www.datos.gov.co/d/h7mi-sbxb,R04_Agricultura,R05_Economia,,4,2,[Objetivo] Predicción de rendimiento y comercio exterior agrícola. | [Insumos] Exportaciones agrícolas tradicionales y no tradicionales. | [Impacto] Mejor orientación de políticas de producción y empleo rural. | [Metodo] Razonamiento,,
3usu-fpk5,Productores con acuerdos comerciales suscritos - Agricultura por Contrato,"El indicador mide el número de productores que cuentan con acuerdos comerciales suscritos para la venta anticipada de sus productos agropecuarios, pactando condiciones como precio, volumen, entrega, calidad, entre otras, aplicable a sistemas productivos permanentes o transitorios.",,1.224,9.0,nacional,True,True,Ministerio de Agricultura y Desarrollo Rural,Agricultura y Desarrollo Social,Nacional,Bogotá D.C.,Bogotá D.C.,Agricultura y Desarrollo Rural,productos agropecuarios,2021 Dec 17 03:51:19 PM,https://www.datos.gov.co/resource/3usu-fpk5.json,https://www.datos.gov.co/d/3usu-fpk5,R04_Agricultura,R05_Economia,,4,2,[Objetivo] Medir acuerdos comerciales de productores | [Insumos] Productores con agricultura por contrato | [Impacto] Estabilidad de ingresos y planificación productiva | [Metodo] Razonamiento,,
9m2f-pdxx,Licencias de Cannabis otorgadas por el Ministerio de Justicia y del Derecho,"Licencias de uso de semillas para siembra, de cultivo de cannabis psicoactivo y de cultivo de cannabis no psicoactivo otorgadas por el Ministerio de Justicia y del Derecho.

La información corresponde a las vigencias 2017, 2018, 2019, 2020, 2021, 2022, 2023, 2024 y 2025.","Licencias de uso de semillas para siembra, de cultivo de cannabis psicoactivo y de cultivo de cannabis no psicoactivo otorgadas por el Ministerio de Justicia y del Derecho",108,16.0,nacional,True,True,"Ministerio De Justicia Y Del Derecho - MinJusticia, Bogotá D.C.",Justicia y Derecho,Nacional,Bogotá D.C.,Bogotá D.C.,Justicia y Derecho,"cannabis no psicoactivo,licencias cannabis,cannabis,semillas,semillas cannabis,cannabis psicoactivo",2026 Feb 03 08:37:40 PM,https://www.datos.gov.co/resource/9m2f-pdxx.json,https://www.datos.gov.co/d/9m2f-pdxx,R02_Seguridad,R04_Agricultura,,4,4,[Objetivo] Control de cultivos de cannabis autorizados | [Insumos] Licencias otorgadas para siembra y cultivo | [Impacto] Fiscalización de sustancias psicoactivas y no psicoactivas | [Metodo] Razonamiento,,
f9u4-kiwb,Distribución de licencias de cannabis vigentes por departamentos,"Ubicación por departamento y municipio de los predios autorizados a través de las licencias vigentes de semillas para siembra y grano, de cultivo de plantas de cannabis psicoactivo o de cultivo de plantas de cannabis no psicoactivo por parte de la Subdirección de Control y Fiscalización de Sustancias Quimicas y Estupefacientes del Ministerio de Justicia y del Derecho.

Fecha de corte: Diciembre 31 de 2025.",Ubicación por departamento y municipio de los predios autorizados,382,6.0,nacional,True,True,"Ministerio De Justicia Y Del Derecho - MinJusticia, Bogotá D.C.",,Nacional,Bogotá D.C.,Bogotá D.C.,Justicia y Derecho,"semillas cannabis,cannabis psicoactivo,cannabis,licenciatarios,cannabis no psicoactivo,licencias cannabis",2026 Mar 05 03:27:15 PM,https://www.datos.gov.co/resource/f9u4-kiwb.json,https://www.datos.gov.co/d/f9u4-kiwb,R02_Seguridad,R04_Agricultura,,4,4,[Objetivo] Monitorear la distribución geográfica de cultivos de cannabis autorizados | [Insumos] Ubicación de predios con licencias vigentes | [Impacto] Fiscalización eficaz y control regional | [Metodo] Razonamiento,,
macx-96u2,Productores:Productores de B100 y Etanol - Alcohol Carburante (AUTOMATIZADO),Conjunto de datos en el cual se presentan los volúmenes despachados por los agentes productores de Etanol - Alcohol Carburante  y B100  para Colombia.,"volumen, despacho, productor",39.217,17.0,nacional,True,True,Ministerio de Minas y Energía,Minas y Energía,Nacional,Bogotá D.C.,Bogotá D.C.,Minas y Energía,,2026 Apr 21 08:02:04 AM,https://www.datos.gov.co/resource/macx-96u2.json,https://www.datos.gov.co/d/macx-96u2,R06_MedioAmbiente,R04_Agricultura,R04_Agricultura,4,2,"[Objetivo] Monitorear la producción y despacho de biocombustibles para evaluar la contribución de energías limpias y el sector agrícola | [Insumos] volúmenes de biocombustibles (etanol, biodiesel) despachados | [Impacto] apoya la transición energética y la agricultura sostenible | [Metodo] Razonamiento",,
hurd-27bj,Predios Titulados a Nivel Nacional,"Conjunto de datos maestro que contiene la sumatoria de predios urbanos, rurales, fiscales y privados saneados y/o titulados a nivel nacional. Fecha Última Emisión 20260",titulación,15.027,8.0,nacional,True,True,"Ministerio De Vivienda, Ciudad Y Territorio - MinVivienda, Bogotá D.C.","Vivienda, Ciudad y Territorio",Nacional,Bogotá D.C.,Bogotá D.C.,"Vivienda, Ciudad y Territorio","titulación,predios,vivienda",2026 Apr 14 04:30:44 PM,https://www.datos.gov.co/resource/hurd-27bj.json,https://www.datos.gov.co/d/hurd-27bj,R04_Agricultura,,,4,2,[Objetivo] Saneamiento y titulación de predios para seguridad jurídica rural. | [Insumos] Predios urbanos y rurales titulados. | [Impacto] Facilitar acceso a crédito y desarrollo agrícola. | [Metodo] Razonamiento,,
bnmy-mpts,Subsidios de Vivienda Rural Asignados,Conjunto de Datos Maestro - Contiene el número de hogares que en algún momento fueron beneficiarios del subsidio familiar de vivienda Rural para los tipos de beneficio y modalidades especificadas en la normativa por parte de FONVIVIENDA. Fecha Última Emisión 2026040,rural,1.067,9.0,nacional,True,True,"Ministerio De Vivienda, Ciudad Y Territorio - MinVivienda, Bogotá D.C.","Vivienda, Ciudad y Territorio",Nacional,Bogotá D.C.,Bogotá D.C.,"Vivienda, Ciudad y Territorio","vivienda,subsidios,rural",2026 Apr 01 07:09:24 PM,https://www.datos.gov.co/resource/bnmy-mpts.json,https://www.datos.gov.co/d/bnmy-mpts,R05_Economia,R04_Agricultura,,4,3,"[Objetivo] Analizar subsidios de vivienda rural como instrumento de desarrollo económico. | [Insumos] Hogares rurales beneficiarios, montos. | [Impacto] Reducir pobreza rural y mejorar calidad de vida. | [Metodo] Razonamiento",,
eenu-gmwi,Registro de Activos de información Ministerio de Agricultura y Desarrollor Rural,"La matriz unifica en un solo archivo los activos de Información del Ministerio de Agricultura y Desarrollo Rural, esta información esta discriminada por área.",Activos de informacion,440,8.0,nacional,True,True,Ministerio de Agricultura y Desarrollo Rural,Agricultura y Desarrollo Social,Nacional,Bogotá D.C.,Bogotá D.C.,Agricultura y Desarrollo Rural,activos de información,2023 Aug 10 01:12:03 PM,https://www.datos.gov.co/resource/eenu-gmwi.json,https://www.datos.gov.co/d/eenu-gmwi,R07_Innovacion,R04_Agricultura,,3,4,[Objetivo] Facilitar descubrimiento de datos abiertos | [Insumos] registro de activos de información del sector agro | [Impacto] gobierno digital y transparencia | [Metodo] Razonamiento,,
n9pf-23hp,"VISTA_EVALUACIONES AGROPECUARIAS MUNICIPALES EVA, BRINDA A LOS DIVERSOS ACTORES CON ESPECIAL ÉNFASIS EN LOS PRODUCTORES, INFORMACIÓN AGRÍCOLA REGIONAL DEL DEPARTAMENTO DE CAQUETÁ.","Base histórica de los años 2007 a 2018, relacionada con la producción agrícola Nacional, adicionalmente, brinda a los diversos actores con especial énfasis en los productores, información agrícola regional y nacional que fortalece procesos productivos y de comercialización.","Base, Agricola, Cultivos",,17.0,nacional,True,True,Ministerio de Agricultura y Desarrollo Rural,Agricultura y Desarrollo Social,Nacional,Bogotá D.C.,Bogotá D.C.,Agricultura y Desarrollo Rural,,2019 Nov 24 07:29:32 PM,https://www.datos.gov.co/resource/n9pf-23hp.json,https://www.datos.gov.co/d/n9pf-23hp,R04_Agricultura,,,3,1,[Objetivo] Proveer información histórica de producción agrícola | [Insumos] Base de datos de evaluaciones agropecuarias municipales | [Impacto] Fortalecimiento de procesos productivos y de comercialización | [Metodo] Razonamiento,,
fybg-535s,Centros Digitales Rurales,"Estado de los centros digitales rurales que serán implementados en los departamentos de Colombia, la inversión proyectada, ejecutada y total del proyecto durante su vigencia, los usuarios activos por mes, la velocidad de conexión.","Personas, Beneficadas",14.057,21.0,nacional,True,True,Ministerio de Tecnologías de la Información y las Comunicaciones,Tecnologías de la Información y las Comunicaciones,Nacional,Bogotá D.C.,Bogotá D.C.,"Ciencia, Tecnología e Innovación",,2023 Nov 24 06:50:09 PM,https://www.datos.gov.co/resource/fybg-535s.json,https://www.datos.gov.co/d/fybg-535s,R07_Innovacion,R04_Agricultura,,3,2,"[Objetivo] Monitorear centros digitales rurales | [Insumos] Inversión, usuarios, velocidad de conexión en zonas rurales | [Impacto] Reducción de brecha digital y desarrollo rural | [Metodo] Razonamiento",,
xfgv-2yxq,"Cadena Productiva Caucho - Area, Producción Y Rendimiento","Cadena Productiva Caucho - Area, Producción Y Rendimiento",,363,16.0,nacional,False,True,Ministerio de Agricultura y Desarrollo Rural,Agricultura y Desarrollo Social,Nacional,Bogotá D.C.,Bogotá D.C.,Agricultura y Desarrollo Rural,"caucho,area,producción,rendimiento",2019 Feb 23 03:50:53 AM,https://www.datos.gov.co/resource/xfgv-2yxq.json,https://www.datos.gov.co/d/xfgv-2yxq,R04_Agricultura,,,5,5,"[Objetivo] Predicción de rendimiento agrícola. | [Insumos] Área, producción y rendimiento de caucho. | [Impacto] Mayor productividad y resiliencia rural. | [Metodo] Razonamiento",,
j8pw-y2h5,Cadena Productiva Avicultura - Exportaciones,Cadena Productiva Avicultura - Exportaciones,,817,18.0,nacional,False,True,Ministerio de Agricultura y Desarrollo Rural,Agricultura y Desarrollo Social,Nacional,Bogotá D.C.,Bogotá D.C.,Agricultura y Desarrollo Rural,cadena productiva avicultura - exportaciones,2018 Dec 15 04:12:17 AM,https://www.datos.gov.co/resource/j8pw-y2h5.json,https://www.datos.gov.co/d/j8pw-y2h5,R04_Agricultura,R05_Economia,,5,5,[Objetivo] Predicción de producción y comercio avícola. | [Insumos] Exportaciones del sector avícola. | [Impacto] Fortalecimiento de políticas agroexportadoras. | [Metodo] Razonamiento,,
6cm2-echt,"Cadena Productiva Ñame - Area, Producción Y Rendimiento","Cadena Productiva Ñame - Area, Producción Y Rendimiento",,574,16.0,nacional,False,True,Ministerio de Agricultura y Desarrollo Rural,Agricultura y Desarrollo Social,Nacional,Bogotá D.C.,Bogotá D.C.,Agricultura y Desarrollo Rural,"ñame,área,producción,rendimiento",2019 Feb 25 08:33:54 PM,https://www.datos.gov.co/resource/6cm2-echt.json,https://www.datos.gov.co/d/6cm2-echt,R04_Agricultura,,,5,5,"[Objetivo] Predicción de rendimiento de ñame. | [Insumos] Área, producción y rendimiento. | [Impacto] Mayor productividad agrícola. | [Metodo] Razonamiento",,
7rr4-csic,"Cadena Productiva Cacao - Area, Producción Y Rendimiento","Cadena Productiva Cacao - Area, Producción Y Rendimiento",,1.640,16.0,nacional,False,True,Ministerio de Agricultura y Desarrollo Rural,Agricultura y Desarrollo Social,Nacional,Bogotá D.C.,Bogotá D.C.,Agricultura y Desarrollo Rural,"cadena productiva cacao - area,producción y rendimiento",2019 Feb 23 03:29:45 AM,https://www.datos.gov.co/resource/7rr4-csic.json,https://www.datos.gov.co/d/7rr4-csic,R04_Agricultura,,,5,2,"[Objetivo] Predicción de rendimiento agrícola | [Insumos] Área, producción y rendimiento de cacao | [Impacto] Mejora de productividad y comercialización agrícola | [Metodo] Razonamiento",,
xx3e-e7ia,Cadena Productiva Arracacha - Créditos,Cadena Productiva Arracacha - Créditos,,1.960,15.0,nacional,False,True,Ministerio de Agricultura y Desarrollo Rural,Agricultura y Desarrollo Social,Nacional,Bogotá D.C.,Bogotá D.C.,Agricultura y Desarrollo Rural,"arracacha,créditos",2018 Jul 13 09:22:59 PM,https://www.datos.gov.co/resource/xx3e-e7ia.json,https://www.datos.gov.co/d/xx3e-e7ia,R04_Agricultura,R05_Economia,R05_Economia,5,2,[Objetivo] Análisis de financiamiento agrícola | [Insumos] Créditos para cadena de arracacha | [Impacto] Fortalecimiento productivo rural | [Metodo] Razonamiento,,
ppbu-3y3a,Cadena Productiva Plátano - Créditos,Cadena Productiva Plátano Información de créditos asignados a esta cadena productiva. Fuente Finagro,"Platano, creditos, finagro",126.130,15.0,nacional,False,True,Ministerio de Agricultura y Desarrollo Rural,Agricultura y Desarrollo Social,Nacional,Bogotá D.C.,Bogotá D.C.,Agricultura y Desarrollo Rural,"platano,creditos,finagro",2018 Sep 03 09:07:52 PM,https://www.datos.gov.co/resource/ppbu-3y3a.json,https://www.datos.gov.co/d/ppbu-3y3a,R04_Agricultura,R05_Economia,R05_Economia,5,3,[Objetivo] Análisis de financiamiento agrícola | [Insumos] Créditos asignados a cadena productiva de plátano | [Impacto] Mejora de inversión rural | [Metodo] Razonamiento,,
dd2e-aj5n,"Cadena Productiva Frijol - Area, Producción Y Rendimiento","Cadena Productiva Frijol - Area, Producción Y Rendimiento",,3.723,16.0,nacional,False,True,Ministerio de Agricultura y Desarrollo Rural,Agricultura y Desarrollo Social,Nacional,Bogotá D.C.,Bogotá D.C.,Agricultura y Desarrollo Rural,"fréjol,área,producción,rendimiento",2019 Feb 23 04:05:11 AM,https://www.datos.gov.co/resource/dd2e-aj5n.json,https://www.datos.gov.co/d/dd2e-aj5n,R04_Agricultura,,,5,2,"[Objetivo] Predicción de rendimiento agrícola | [Insumos] Área, producción y rendimiento de frijol | [Impacto] Agricultura resiliente y productiva | [Metodo] Razonamiento",,
jde2-tvip,Cadena Productiva Arroz - Créditos,Cadena Productiva Arroz. Información de créditos asociado a esta cadena productiva. Fuente Finagro,"Arroz, creditos, finagro",48.842,15.0,nacional,False,True,Ministerio de Agricultura y Desarrollo Rural,Agricultura y Desarrollo Social,Nacional,Bogotá D.C.,Bogotá D.C.,Agricultura y Desarrollo Rural,"arroz,creditos,finagro",2018 Sep 05 04:46:13 PM,https://www.datos.gov.co/resource/jde2-tvip.json,https://www.datos.gov.co/d/jde2-tvip,R04_Agricultura,R05_Economia,R05_Economia,5,2,[Objetivo] Análisis de crédito agrícola | [Insumos] Créditos para cadena productiva de arroz | [Impacto] Estabilidad económica de productores | [Metodo] Razonamiento,,
xdzq-icfi,Cadena Productiva Tomate De Árbol - Créditos,Cadena Productiva Tomate De Árbol - Créditos,,22.048,15.0,nacional,False,True,Ministerio de Agricultura y Desarrollo Rural,Agricultura y Desarrollo Social,Nacional,Bogotá D.C.,Bogotá D.C.,Agricultura y Desarrollo Rural,tomate de árbol - créditos,2018 Jul 13 08:59:40 PM,https://www.datos.gov.co/resource/xdzq-icfi.json,https://www.datos.gov.co/d/xdzq-icfi,R04_Agricultura,,,5,2,[Objetivo] Evaluación de financiamiento | [Insumos] Créditos para tomate de árbol | [Impacto] Apoyo a pequeños productores | [Metodo] Razonamiento,,
ie25-w5v4,"Cadena Productiva Piña - Area, Producción Y Rendimiento","Cadena Productiva Piña - Area, Producción Y Rendimiento",,863,16.0,nacional,False,True,Ministerio de Agricultura y Desarrollo Rural,Agricultura y Desarrollo Social,Nacional,Bogotá D.C.,Bogotá D.C.,Agricultura y Desarrollo Rural,"piña,área,producción,rendimiento",2019 Feb 25 09:09:51 PM,https://www.datos.gov.co/resource/ie25-w5v4.json,https://www.datos.gov.co/d/ie25-w5v4,R04_Agricultura,,,5,4,"[Objetivo] Predicción de rendimiento agrícola | [Insumos] Área, producción y rendimiento de piña | [Impacto] Optimización productiva y comercial | [Metodo] Razonamiento",,
d968-yfb5:2,"Cadena Productiva Maíz - Area, Producción Y Rendimiento","Cadena Productiva Maíz - Area, Producción Y Rendimiento",,8.464,16.0,nacional,False,True,Ministerio de Agricultura y Desarrollo Rural,Agricultura y Desarrollo Rural,Nacional,Bogotá D.C.,Bogotá D.C.,Agricultura y Desarrollo Rural,"cadena productiva maíz - area,producción y rendimiento",2019 Feb 23 04:09:32 AM,,https://www.datos.gov.co/d/d968-yfb5/revisions/2,R04_Agricultura,,,5,2,"[Objetivo] Predicción de rendimiento agrícola | [Insumos] Área, producción y rendimiento de maíz | [Impacto] Seguridad alimentaria y productividad | [Metodo] Razonamiento",,
ddse-euqv,"Cadena Productiva Aguacate - Area, Producción Y Rendimiento","Cadena Productiva Aguacate - Area, Producción Y Rendimiento",,1.474,16.0,nacional,False,True,Ministerio de Agricultura y Desarrollo Rural,Agricultura y Desarrollo Social,Nacional,Bogotá D.C.,Bogotá D.C.,Agricultura y Desarrollo Rural,"cadena productiva aguacate - area,producción y rendimiento",2019 Feb 22 03:12:34 AM,https://www.datos.gov.co/resource/ddse-euqv.json,https://www.datos.gov.co/d/ddse-euqv,R04_Agricultura,,,5,2,"[Objetivo] Predicción de rendimiento agrícola | [Insumos] Área, producción y rendimiento de aguacate | [Impacto] Mejora de cadenas productivas | [Metodo] Razonamiento",,
2qmg-xba2,Cadena Productiva Papa - Créditos,Cadena Productiva Papa Información de créditos asignados a esta cadena productiva. Fuente Finagro,"Papa, creditos, finagro",443.880,15.0,nacional,False,True,Ministerio de Agricultura y Desarrollo Rural,Agricultura y Desarrollo Social,Nacional,Bogotá D.C.,Bogotá D.C.,Agricultura y Desarrollo Rural,"papa,creditos,finagro",2018 Jul 05 08:02:45 PM,https://www.datos.gov.co/resource/2qmg-xba2.json,https://www.datos.gov.co/d/2qmg-xba2,R04_Agricultura,R05_Economia,R05_Economia,5,4,[Objetivo] Análisis de financiamiento agrícola | [Insumos] Créditos para cadena de papa | [Impacto] Estabilidad económica de productores | [Metodo] Razonamiento,,
jtxt-fc4g,"Cadena Productiva Arveja - Area, Producción Y Rendimiento","Cadena Productiva Arveja - Area, Producción Y Rendimiento",,1.591,16.0,nacional,False,True,Ministerio de Agricultura y Desarrollo Rural,Agricultura y Desarrollo Social,Nacional,Bogotá D.C.,Bogotá D.C.,Agricultura y Desarrollo Rural,"área,producción,rendimiento",2019 Feb 23 03:20:03 AM,https://www.datos.gov.co/resource/jtxt-fc4g.json,https://www.datos.gov.co/d/jtxt-fc4g,R04_Agricultura,,,5,2,"[Objetivo] Predicción de rendimiento agrícola | [Insumos] Área, producción y rendimiento de arveja | [Impacto] Productividad y seguridad alimentaria | [Metodo] Razonamiento",,
fwvi-uz8y,Cadena Productiva Plátano - Exportaciones,Cadena Productiva Plátano - Exportaciones,,1.777,14.0,nacional,False,True,Ministerio de Agricultura y Desarrollo Rural,Agricultura y Desarrollo Social,Nacional,Bogotá D.C.,Bogotá D.C.,Agricultura y Desarrollo Rural,cadena productiva plátano - exportaciones,2018 Dec 15 03:30:07 AM,https://www.datos.gov.co/resource/fwvi-uz8y.json,https://www.datos.gov.co/d/fwvi-uz8y,R04_Agricultura,R05_Economia,R05_Economia,5,2,[Objetivo] Análisis de exportaciones agrícolas | [Insumos] Exportaciones de cadena de plátano | [Impacto] Comercio internacional y desarrollo rural | [Metodo] Razonamiento,,
hieb-cqrb:2,Cadena Productiva Flores - Exportaciones,Cadena Productiva Flores - Exportaciones,,96.208,18.0,nacional,False,True,Ministerio de Agricultura y Desarrollo Rural,Agricultura y Desarrollo Rural,Nacional,Bogotá D.C.,Bogotá D.C.,Agricultura y Desarrollo Rural,cadena productiva flores - exportaciones,2018 Dec 15 03:58:08 AM,,https://www.datos.gov.co/d/hieb-cqrb/revisions/2,R04_Agricultura,R05_Economia,R05_Economia,5,3,[Objetivo] Análisis de exportaciones agrícolas | [Insumos] Exportaciones de flores | [Impacto] Competitividad del sector floricultor | [Metodo] Razonamiento,,
db4y-pugw,Cadena Productiva Cebolla - Créditos,Cadena Productiva Cebolla - Créditos,,14.950,15.0,nacional,False,True,Ministerio de Agricultura y Desarrollo Rural,Agricultura y Desarrollo Social,Nacional,Bogotá D.C.,Bogotá D.C.,Agricultura y Desarrollo Rural,cebolla - créditos,2018 Jul 13 09:11:13 PM,https://www.datos.gov.co/resource/db4y-pugw.json,https://www.datos.gov.co/d/db4y-pugw,R04_Agricultura,,,5,3,[Objetivo] Predicción de rendimiento y financiamiento del cultivo de cebolla | [Insumos] Créditos otorgados a la cadena productiva | [Impacto] Mayor productividad y resiliencia rural | [Metodo] Razonamiento,,
s3fx-3kmc,Plátano,"Cadena Productiva Plátano - Area, Producción Y Rendimiento",,8.244,16.0,nacional,False,True,Ministerio de Agricultura y Desarrollo Rural,Agricultura y Desarrollo Rural,Nacional,Bogotá D.C.,Bogotá D.C.,Agricultura y Desarrollo Rural,"cadena productiva plátano - area,producción y rendimiento",2019 Feb 25 09:16:08 PM,https://www.datos.gov.co/resource/s3fx-3kmc.json,https://www.datos.gov.co/d/s3fx-3kmc,R04_Agricultura,,,5,3,"[Objetivo] Predicción de rendimiento del cultivo de plátano | [Insumos] Área, producción y rendimiento | [Impacto] Productividad y resiliencia rural | [Metodo] Razonamiento",,
ye5d-nru5,Cadena Productiva Zanahoria - Créditos,Cadena Productiva Zanahoria - Créditos,,1.248,15.0,nacional,False,True,Ministerio de Agricultura y Desarrollo Rural,Agricultura y Desarrollo Social,Nacional,Bogotá D.C.,Bogotá D.C.,Agricultura y Desarrollo Rural,zanahoria - créditos,2018 Jul 13 09:16:32 PM,https://www.datos.gov.co/resource/ye5d-nru5.json,https://www.datos.gov.co/d/ye5d-nru5,R04_Agricultura,,,5,2,[Objetivo] Predicción de financiamiento agrícola en zanahoria | [Insumos] Créditos otorgados | [Impacto] Productividad y resiliencia rural | [Metodo] Razonamiento,,
4k8e-ex6x,Cadena Productiva Banano - Exportaciones,Cadena Productiva Banano - Exportaciones,,6.155,14.0,nacional,False,True,Ministerio de Agricultura y Desarrollo Rural,Agricultura y Desarrollo Social,Nacional,Bogotá D.C.,Bogotá D.C.,Agricultura y Desarrollo Rural,cadena productiva banano - exportaciones,2018 Dec 15 03:40:34 AM,https://www.datos.gov.co/resource/4k8e-ex6x.json,https://www.datos.gov.co/d/4k8e-ex6x,R04_Agricultura,,R05_Economia,5,2,[Objetivo] Análisis de exportaciones de banano para mercados agrícolas | [Insumos] Datos de exportaciones de cadena productiva | [Impacto] Mayor productividad e inserción a mercados | [Metodo] Razonamiento,,
5xdc-zgki,Cadena Productiva Maíz - Importaciones,Cadena Productiva Maíz - Importaciones,,24.129,15.0,nacional,False,True,Ministerio de Agricultura y Desarrollo Rural,Agricultura y Desarrollo Social,Nacional,Bogotá D.C.,Bogotá D.C.,Agricultura y Desarrollo Rural,cadena productiva maíz - importaciones,2017 Nov 17 09:44:11 PM,https://www.datos.gov.co/resource/5xdc-zgki.json,https://www.datos.gov.co/d/5xdc-zgki,R04_Agricultura,,R05_Economia,5,2,[Objetivo] Predicción de importaciones de maíz para seguridad alimentaria | [Insumos] Importaciones de cadena productiva | [Impacto] Resiliencia rural y planificación de abastecimiento | [Metodo] Razonamiento,,
27ch-bs6u,Cadena Productiva Mango - Exportaciones,Cadena Productiva Mango - Exportaciones,,3.871,14.0,nacional,False,True,Ministerio de Agricultura y Desarrollo Rural,Agricultura y Desarrollo Social,Nacional,Bogotá D.C.,Bogotá D.C.,Agricultura y Desarrollo Rural,cadena productiva mango - exportaciones,2018 Dec 15 03:45:24 AM,https://www.datos.gov.co/resource/27ch-bs6u.json,https://www.datos.gov.co/d/27ch-bs6u,R04_Agricultura,,R05_Economia,5,2,[Objetivo] Análisis de exportaciones de mango | [Insumos] Datos de exportaciones | [Impacto] Mercados agrícolas y resiliencia rural | [Metodo] Razonamiento,,
b6k4-wc9p,Cadena Productiva Yuca - Exportaciones,Cadena Productiva Yuca - Exportaciones,,577,14.0,nacional,False,True,Ministerio de Agricultura y Desarrollo Rural,Agricultura y Desarrollo Social,Nacional,Bogotá D.C.,Bogotá D.C.,Agricultura y Desarrollo Rural,cadena productiva yuca - exportaciones,2020 Jan 22 04:47:33 PM,https://www.datos.gov.co/resource/b6k4-wc9p.json,https://www.datos.gov.co/d/b6k4-wc9p,R04_Agricultura,,R05_Economia,5,4,[Objetivo] Predicción de rendimiento de exportaciones de yuca | [Insumos] Datos históricos de exportaciones con 577 filas | [Impacto] Productividad y competitividad rural | [Metodo] Razonamiento,,
4r25-bvkv,"Cadena Productiva Tomate - Area, Producción Y Rendimiento","Cadena Productiva Tomate - Area, Producción Y Rendimiento",,3.447,16.0,nacional,False,True,Ministerio de Agricultura y Desarrollo Rural,Agricultura y Desarrollo Social,Nacional,Bogotá D.C.,Bogotá D.C.,Agricultura y Desarrollo Rural,"tomate,área,producción,rendimiento",2019 Feb 26 03:40:22 PM,https://www.datos.gov.co/resource/4r25-bvkv.json,https://www.datos.gov.co/d/4r25-bvkv,R04_Agricultura,,,5,2,"[Objetivo] Predicción de rendimiento del cultivo de tomate | [Insumos] Área, producción y rendimiento | [Impacto] Productividad y resiliencia rural | [Metodo] Razonamiento",,
hdbx-6gsx,Cadena Productiva Arveja - Créditos,Cadena Productiva Arveja - Créditos,,775,15.0,nacional,False,True,Ministerio de Agricultura y Desarrollo Rural,Agricultura y Desarrollo Social,Nacional,Bogotá D.C.,Bogotá D.C.,Agricultura y Desarrollo Rural,"arveja,créditos",2018 Jul 13 09:18:34 PM,https://www.datos.gov.co/resource/hdbx-6gsx.json,https://www.datos.gov.co/d/hdbx-6gsx,R04_Agricultura,,,5,4,[Objetivo] Análisis de créditos para cultivo de arveja | [Insumos] Créditos otorgados con 775 registros | [Impacto] Financiamiento y productividad rural | [Metodo] Razonamiento,,
pudt-pnbj,Cadena Productiva Caucho - Importaciones,Cadena Productiva Caucho - Importaciones,,404.522,15.0,nacional,False,True,Ministerio de Agricultura y Desarrollo Rural,Agricultura y Desarrollo Social,Nacional,Bogotá D.C.,Bogotá D.C.,Agricultura y Desarrollo Rural,cadena productiva caucho - importaciones,2018 Dec 27 09:32:26 PM,https://www.datos.gov.co/resource/pudt-pnbj.json,https://www.datos.gov.co/d/pudt-pnbj,R04_Agricultura,,R05_Economia,5,4,[Objetivo] Predicción de importaciones de caucho | [Insumos] Datos de importaciones con 404 filas | [Impacto] Planificación de abastecimiento agrícola | [Metodo] Razonamiento,,
ad53-mnet,Cadena Productiva Cacao - Importaciones,Cadena Productiva Cacao - Importaciones,,24.838,15.0,nacional,False,True,Ministerio de Agricultura y Desarrollo Rural,Agricultura y Desarrollo Social,Nacional,Bogotá D.C.,Bogotá D.C.,Agricultura y Desarrollo Rural,cadena productiva cacao - importaciones,2018 Dec 27 09:03:23 PM,https://www.datos.gov.co/resource/ad53-mnet.json,https://www.datos.gov.co/d/ad53-mnet,R04_Agricultura,,R05_Economia,5,2,[Objetivo] Análisis de importaciones de cacao | [Insumos] Datos de importaciones de cadena | [Impacto] Mercado agrícola y resiliencia | [Metodo] Razonamiento,,
pqi3-5m3k,Cadena Productiva Aguacate - Créditos,Cadena Productiva Aguacate - Créditos,,346.866,15.0,nacional,False,True,Ministerio de Agricultura y Desarrollo Rural,Agricultura y Desarrollo Social,Nacional,Bogotá D.C.,Bogotá D.C.,Agricultura y Desarrollo Rural,"aguacate,créditos",2018 Jul 05 05:35:46 PM,https://www.datos.gov.co/resource/pqi3-5m3k.json,https://www.datos.gov.co/d/pqi3-5m3k,R04_Agricultura,,,5,4,[Objetivo] Predicción de rendimiento y financiamiento del cultivo de aguacate | [Insumos] Créditos otorgados con 346 registros | [Impacto] Productividad y resiliencia rural | [Metodo] Razonamiento,,
vyzx-p29q,"Cadena Productiva Soya - Area, Producción Y Rendimiento","Cadena Productiva Soya - Area, Producción Y Rendimiento",,134,16.0,nacional,False,True,Ministerio de Agricultura y Desarrollo Rural,Agricultura y Desarrollo Social,Nacional,Bogotá D.C.,Bogotá D.C.,Agricultura y Desarrollo Rural,"cadena productiva soya - area,producción y rendimiento",2019 Feb 25 09:20:30 PM,https://www.datos.gov.co/resource/vyzx-p29q.json,https://www.datos.gov.co/d/vyzx-p29q,R04_Agricultura,,,5,3,"[Objetivo] Predicción de rendimiento del cultivo de soya | [Insumos] Área, producción y rendimiento con 134 filas | [Impacto] Productividad y resiliencia rural | [Metodo] Razonamiento",,
3dm6-vjku,Cadena Productiva Cebada - Créditos,Cadena Productiva Cebada Información de créditos asignados a esta cadena productiva. Fuente Finagro,"Cebada, creditos, finagro",7,15.0,nacional,False,True,Ministerio de Agricultura y Desarrollo Rural,Agricultura y Desarrollo Social,Nacional,Bogotá D.C.,Bogotá D.C.,Agricultura y Desarrollo Rural,"cebada,creditos,finagro",2018 Mar 23 04:06:20 PM,https://www.datos.gov.co/resource/3dm6-vjku.json,https://www.datos.gov.co/d/3dm6-vjku,R04_Agricultura,,,5,2,[Objetivo] Análisis de créditos para cebada | [Insumos] Datos de créditos de Finagro | [Impacto] Financiamiento y productividad rural | [Metodo] Razonamiento,,
ijic-itzr,Cadena Productiva Arroz - Importaciones,Cadena Productiva Arroz - Importaciones,,1.628,15.0,nacional,False,True,Ministerio de Agricultura y Desarrollo Rural,Agricultura y Desarrollo Social,Nacional,Bogotá D.C.,Bogotá D.C.,Agricultura y Desarrollo Rural,cadena productiva arroz - importaciones,2018 Dec 27 09:06:31 PM,https://www.datos.gov.co/resource/ijic-itzr.json,https://www.datos.gov.co/d/ijic-itzr,R04_Agricultura,,R05_Economia,5,2,[Objetivo] Predicción de importaciones de arroz | [Insumos] Importaciones de cadena productiva | [Impacto] Seguridad alimentaria y mercado | [Metodo] Razonamiento,,
ux4k-3nzz,"Cadena Productiva Palma De Aceite - Area, Producción Y Rendimiento","Cadena Productiva Palma De Aceite - Area, Producción Y Rendimiento",,519,16.0,nacional,False,True,Ministerio de Agricultura y Desarrollo Rural,Agricultura y Desarrollo Social,Nacional,Bogotá D.C.,Bogotá D.C.,Agricultura y Desarrollo Rural,"palma de aceite,area,producción,rendimiento,2015",2019 Feb 25 08:48:35 PM,https://www.datos.gov.co/resource/ux4k-3nzz.json,https://www.datos.gov.co/d/ux4k-3nzz,R04_Agricultura,,,5,4,"[Objetivo] Predicción de rendimiento de palma de aceite | [Insumos] Área, producción y rendimiento con 519 filas | [Impacto] Productividad y resiliencia rural | [Metodo] Razonamiento",,
mc73-h8xp,"Cadena Productiva Café - Area, Producción Y Rendimiento","Cadena Productiva Café - Area, Producción Y Rendimiento",,1.799,16.0,nacional,False,True,Ministerio de Agricultura y Desarrollo Rural,Agricultura y Desarrollo Social,Nacional,Bogotá D.C.,Bogotá D.C.,Agricultura y Desarrollo Rural,"cadena productiva café - area,producción y rendimiento",2019 Feb 23 03:36:48 AM,https://www.datos.gov.co/resource/mc73-h8xp.json,https://www.datos.gov.co/d/mc73-h8xp,R04_Agricultura,,,5,2,"[Objetivo] Predicción de rendimiento del café | [Insumos] Área, producción y rendimiento | [Impacto] Productividad y resiliencia rural | [Metodo] Razonamiento",,
hp92-tyzy,cebolla,"Cadena Productiva Cebolla - Area, Producción Y Rendimiento",,3.661,16.0,nacional,False,True,Ministerio de Agricultura y Desarrollo Rural,Agricultura y Desarrollo Rural,Nacional,Bogotá D.C.,Bogotá D.C.,Agricultura y Desarrollo Rural,"2015,cebolla,area,producción,rendimiento",2019 Feb 23 04:01:02 AM,https://www.datos.gov.co/resource/hp92-tyzy.json,https://www.datos.gov.co/d/hp92-tyzy,R04_Agricultura,,,5,2,"[Objetivo] Predicción de rendimiento del cultivo de cebolla | [Insumos] Área, producción y rendimiento con 3 filas | [Impacto] Productividad y resiliencia rural | [Metodo] Razonamiento",,
xuci-5km7,"Cadena Productiva Caña Azucarera - Area, Producción Y Rendimiento","Cadena Productiva Caña Azucarera - Area, Producción Y Rendimiento",,581,16.0,nacional,False,True,Ministerio de Agricultura y Desarrollo Rural,Agricultura y Desarrollo Social,Nacional,Bogotá D.C.,Bogotá D.C.,Agricultura y Desarrollo Rural,"caña azucarera,area,producción,rendimiento",2017 Oct 25 12:01:17 PM,https://www.datos.gov.co/resource/xuci-5km7.json,https://www.datos.gov.co/d/xuci-5km7,R04_Agricultura,R05_Economia,,5,4,"[Objetivo] Predicción de rendimiento agrícola y monitoreo productivo | [Insumos] área, producción y rendimiento de caña azucarera | [Impacto] productividad y resiliencia del sector cañicultor | [Metodo] Razonamiento",,
ttwt-pzeg,Cadena Productiva Algodón - Exportaciones,"Cadena Productiva Algodón - Exportaciones.  Los datos son generados de manera mensual, sin embargo, esta solo es publicada dos meses después de generada.",,553.478,14.0,nacional,False,True,Ministerio de Agricultura y Desarrollo Rural,Agricultura y Desarrollo Social,Nacional,Bogotá D.C.,Bogotá D.C.,Agricultura y Desarrollo Rural,cadena productiva algodón - exportaciones cadena productiva algodon,2018 Dec 15 04:07:05 AM,https://www.datos.gov.co/resource/ttwt-pzeg.json,https://www.datos.gov.co/d/ttwt-pzeg,R04_Agricultura,R05_Economia,,5,4,[Objetivo] Monitorear exportaciones agrícolas y orientar mercados | [Insumos] exportaciones de algodón | [Impacto] fortalecimiento de la cadena y balanza comercial | [Metodo] Razonamiento,,
cb4h-7tns,"Cadena Productiva Papaya - Area, Producción Y Rendimiento","Cadena Productiva Papaya - Area, Producción Y Rendimiento",,603,16.0,nacional,False,True,Ministerio de Agricultura y Desarrollo Rural,Agricultura y Desarrollo Social,Nacional,Bogotá D.C.,Bogotá D.C.,Agricultura y Desarrollo Rural,"papaya,área,producción,rendimiento",2019 Feb 25 09:01:02 PM,https://www.datos.gov.co/resource/cb4h-7tns.json,https://www.datos.gov.co/d/cb4h-7tns,R04_Agricultura,R05_Economia,,5,4,"[Objetivo] Predicción de rendimiento de papaya | [Insumos] área, producción, rendimiento de papaya | [Impacto] productividad y resiliencia del cultivo | [Metodo] Razonamiento",,
gzwq-vje7,Cadena Productiva Café - Exportaciones,Cadena Productiva Café - Exportaciones,,56.305,14.0,nacional,False,True,Ministerio de Agricultura y Desarrollo Rural,Agricultura y Desarrollo Social,Nacional,Bogotá D.C.,Bogotá D.C.,Agricultura y Desarrollo Rural,cadena productiva café - exportaciones,2018 Dec 15 03:35:04 AM,https://www.datos.gov.co/resource/gzwq-vje7.json,https://www.datos.gov.co/d/gzwq-vje7,R04_Agricultura,R05_Economia,,5,3,[Objetivo] Análisis de exportaciones de café | [Insumos] datos mensuales de exportación de café | [Impacto] competitividad y política cafetera | [Metodo] Razonamiento,,
ux4k-3nzz:1,"Cadena Productiva Palma De Aceite - Area, Producción Y Rendimiento","Cadena Productiva Palma De Aceite - Area, Producción Y Rendimiento",,519,16.0,nacional,False,True,Ministerio de Agricultura y Desarrollo Rural,Agricultura y Desarrollo Rural,Nacional,Bogotá D.C.,Bogotá D.C.,Agricultura y Desarrollo Rural,"palma de aceite,area,producción,rendimiento,2015",2019 Feb 25 08:48:35 PM,,https://www.datos.gov.co/d/ux4k-3nzz/revisions/1,R04_Agricultura,R05_Economia,R06_MedioAmbiente,5,4,"[Objetivo] Monitorear productividad de palma de aceite | [Insumos] área, producción, rendimiento | [Impacto] productividad y posible integración con monitoreo de deforestación | [Metodo] Razonamiento",,
yqyg-7b9k,Cadena Productiva Banano - Créditos,Cadena Productiva Banano - Créditos,,53.880,15.0,nacional,False,True,Ministerio de Agricultura y Desarrollo Rural,Agricultura y Desarrollo Social,Nacional,Bogotá D.C.,Bogotá D.C.,Agricultura y Desarrollo Rural,"banano,créditos",2018 Jul 13 07:45:19 PM,https://www.datos.gov.co/resource/yqyg-7b9k.json,https://www.datos.gov.co/d/yqyg-7b9k,R04_Agricultura,R05_Economia,,5,3,[Objetivo] Evaluar créditos al banano | [Insumos] créditos otorgados | [Impacto] sostenibilidad financiera del sector | [Metodo] Razonamiento,,
n3uv-w9by,Cadena Productiva Plátano - Importaciones,Cadena Productiva Plátano - Importaciones,,507,15.0,nacional,False,True,Ministerio de Agricultura y Desarrollo Rural,Agricultura y Desarrollo Social,Nacional,Bogotá D.C.,Bogotá D.C.,Agricultura y Desarrollo Rural,cadena productiva plátano - importaciones,2017 Nov 17 09:51:22 PM,https://www.datos.gov.co/resource/n3uv-w9by.json,https://www.datos.gov.co/d/n3uv-w9by,R04_Agricultura,R05_Economia,,5,4,[Objetivo] Monitorear importaciones de plátano | [Insumos] importaciones mensuales | [Impacto] balanza comercial y seguridad alimentaria | [Metodo] Razonamiento,,
2kk7-25y9,"Cadena Productiva Zanahoria - Area, Producción Y Rendimiento","Cadena Productiva Zanahoria - Area, Producción Y Rendimiento",,597,16.0,nacional,False,True,Ministerio de Agricultura y Desarrollo Rural,Agricultura y Desarrollo Social,Nacional,Bogotá D.C.,Bogotá D.C.,Agricultura y Desarrollo Rural,"zanahoria,área,producción,rendimiento",2019 Feb 26 03:46:29 PM,https://www.datos.gov.co/resource/2kk7-25y9.json,https://www.datos.gov.co/d/2kk7-25y9,R04_Agricultura,R05_Economia,,5,4,"[Objetivo] Predicción de rendimiento de zanahoria | [Insumos] área, producción, rendimiento | [Impacto] eficiencia productiva | [Metodo] Razonamiento",,
hieb-cqrb,Cadena Productiva Flores - Exportaciones,Cadena Productiva Flores - Exportaciones,,96.208,18.0,nacional,False,True,Ministerio de Agricultura y Desarrollo Rural,Agricultura y Desarrollo Social,Nacional,Bogotá D.C.,Bogotá D.C.,Agricultura y Desarrollo Rural,cadena productiva flores - exportaciones,2018 Dec 15 03:58:08 AM,https://www.datos.gov.co/resource/hieb-cqrb.json,https://www.datos.gov.co/d/hieb-cqrb,R04_Agricultura,R05_Economia,,5,3,[Objetivo] Analizar exportaciones de flores | [Insumos] exportaciones de flores | [Impacto] competitividad del sector floricultor | [Metodo] Razonamiento,,
5tny-ij9y,Cadena Productiva Soya - Créditos Gráfica,Cadena Productiva Soya Información de créditos asignados a esta cadena productiva. Fuente Finagro,"Soya, creditos, finagro",359,15.0,nacional,False,True,Ministerio de Agricultura y Desarrollo Rural,Agricultura y Desarrollo Social,Nacional,Bogotá D.C.,Bogotá D.C.,Agricultura y Desarrollo Rural,"soya,creditos,finagro",2018 May 31 09:15:42 PM,https://www.datos.gov.co/resource/5tny-ij9y.json,https://www.datos.gov.co/d/5tny-ij9y,R04_Agricultura,R05_Economia,,5,4,[Objetivo] Analizar créditos a la soya | [Insumos] créditos Finagro | [Impacto] política de financiamiento rural | [Metodo] Razonamiento,,
yhdn-6m38,"Cadena Productiva Mango - Area, Producción Y Rendimiento","Cadena Productiva Mango - Area, Producción Y Rendimiento",,843,16.0,nacional,False,True,Ministerio de Agricultura y Desarrollo Rural,Agricultura y Desarrollo Social,Nacional,Bogotá D.C.,Bogotá D.C.,Agricultura y Desarrollo Rural,"mango,área,producción,rendimiento",2019 Feb 23 04:13:21 AM,https://www.datos.gov.co/resource/yhdn-6m38.json,https://www.datos.gov.co/d/yhdn-6m38,R04_Agricultura,R05_Economia,,5,4,"[Objetivo] Rendimiento del cultivo de mango | [Insumos] área, producción, rendimiento | [Impacto] competitividad frutícola | [Metodo] Razonamiento",,
92iq-kez6,"Cadena Productiva Tomate De Arbol - Area, Producción Y Rendimiento","Cadena Productiva Tomate De Arbol - Area, Producción Y Rendimiento",,929,16.0,nacional,False,True,Ministerio de Agricultura y Desarrollo Rural,Agricultura y Desarrollo Social,Nacional,Bogotá D.C.,Bogotá D.C.,Agricultura y Desarrollo Rural,"tomate de arbol,area,producción,rendimiento,2015",2019 Feb 25 09:25:31 PM,https://www.datos.gov.co/resource/92iq-kez6.json,https://www.datos.gov.co/d/92iq-kez6,R04_Agricultura,R05_Economia,,5,4,"[Objetivo] Predicción de rendimiento de tomate de árbol | [Insumos] área, producción, rendimiento | [Impacto] productividad hortofrutícola | [Metodo] Razonamiento",,
pnsj-t3kh,"Cadena Productiva Papa - Area, Producción Y Rendimiento","Cadena Productiva Papa - Area, Producción Y Rendimiento",,748,16.0,nacional,False,True,Ministerio de Agricultura y Desarrollo Rural,Agricultura y Desarrollo Social,Nacional,Bogotá D.C.,Bogotá D.C.,Agricultura y Desarrollo Rural,"cadena productiva papa - area,producción y rendimiento",2019 Feb 25 08:54:40 PM,https://www.datos.gov.co/resource/pnsj-t3kh.json,https://www.datos.gov.co/d/pnsj-t3kh,R04_Agricultura,,,5,4,"[Objetivo] Anticipar rendimientos agrícolas y planificar producción de papa | [Insumos] Área, producción y rendimiento histórico por región | [Impacto] Mayor productividad y resiliencia rural | [Metodo] Razonamiento",,
vy3a-c367,"Cadena Productiva Arracacha - Area, Producción Y Rendimiento","Cadena productiva Arracacha - Area, producción y rendimiento",,532,16.0,nacional,False,True,Ministerio de Agricultura y Desarrollo Rural,Agricultura y Desarrollo Social,Nacional,Bogotá D.C.,Bogotá D.C.,Agricultura y Desarrollo Rural,"área,producción,rendimiento",2019 Feb 22 03:50:27 AM,https://www.datos.gov.co/resource/vy3a-c367.json,https://www.datos.gov.co/d/vy3a-c367,R04_Agricultura,,,5,4,"[Objetivo] Anticipar rendimientos de arracacha para mejorar planificación productiva | [Insumos] Área, producción y rendimiento de arracacha | [Impacto] Mayor productividad y resiliencia rural | [Metodo] Razonamiento",,
guhf-idnb,"Cadena Productiva Cebada - Area, Producción Y Rendimiento","Cadena Productiva Cebada - Area, Producción Y Rendimiento",,144,16.0,nacional,False,True,Ministerio de Agricultura y Desarrollo Rural,Agricultura y Desarrollo Social,Nacional,Bogotá D.C.,Bogotá D.C.,Agricultura y Desarrollo Rural,"cadena productiva cebada - area,producción y rendimiento",2019 Feb 23 03:55:44 AM,https://www.datos.gov.co/resource/guhf-idnb.json,https://www.datos.gov.co/d/guhf-idnb,R04_Agricultura,,,5,4,"[Objetivo] Anticipar rendimientos de cebada para mejorar planificación agrícola | [Insumos] Área, producción y rendimiento de cebada | [Impacto] Mayor productividad y resiliencia rural | [Metodo] Razonamiento",,
br3n-e6wn,"Tomate area, pxn y rdmto","Cadena Productiva Tomate - Area, Producción Y Rendimiento",,,16.0,nacional,False,True,Ministerio de Agricultura y Desarrollo Rural,Agricultura y Desarrollo Rural,Nacional,Bogotá D.C.,Bogotá D.C.,Agricultura y Desarrollo Rural,"tomate,área,producción,rendimiento",2019 Feb 26 03:40:22 PM,https://www.datos.gov.co/resource/br3n-e6wn.json,https://www.datos.gov.co/d/br3n-e6wn,R04_Agricultura,,,5,1,"[Objetivo] Anticipar rendimientos agrícolas del tomate | [Insumos] Área, producción y rendimiento del cultivo de tomate | [Impacto] Mayor productividad y resiliencia rural | [Metodo] Razonamiento",,
n4hz-3mij,"Cadena Productiva Caña Panelera - Area, Producción Y Rendimiento","Cadena Productiva Caña Panelera - Area, Producción Y Rendimiento",,1.666,16.0,nacional,False,True,Ministerio de Agricultura y Desarrollo Rural,Agricultura y Desarrollo Social,Nacional,Bogotá D.C.,Bogotá D.C.,Agricultura y Desarrollo Rural,"caña panelera,area,producción,rendimiento",2019 Feb 23 03:46:25 AM,https://www.datos.gov.co/resource/n4hz-3mij.json,https://www.datos.gov.co/d/n4hz-3mij,R04_Agricultura,,,5,2,"[Objetivo] Anticipar rendimientos de la caña panelera | [Insumos] Área, producción y rendimiento del cultivo | [Impacto] Mayor productividad y resiliencia rural | [Metodo] Razonamiento",,
n8f4-j7t9,Cadena Productiva Yuca - Créditos,Cadena Productiva Yuca,"Yuca, creditos, finagro",27.352,15.0,nacional,False,True,Ministerio de Agricultura y Desarrollo Rural,Agricultura y Desarrollo Social,Nacional,Bogotá D.C.,Bogotá D.C.,Agricultura y Desarrollo Rural,"finagro,creditos,yuca",2018 Sep 03 07:29:52 PM,https://www.datos.gov.co/resource/n8f4-j7t9.json,https://www.datos.gov.co/d/n8f4-j7t9,R04_Agricultura,R05_Economia,,5,2,"[Objetivo] Anticipar rendimientos de la yuca y gestionar apoyo crediticio | [Insumos] Créditos agrícolas, producción de yuca | [Impacto] Mayor productividad y estabilidad económica rural | [Metodo] Razonamiento",,
74he-k22d,Cadena Productiva Yuca - Importaciones,Cadena Productiva Yuca - Importaciones,,36,15.0,nacional,False,True,Ministerio de Agricultura y Desarrollo Rural,Agricultura y Desarrollo Social,Nacional,Bogotá D.C.,Bogotá D.C.,Agricultura y Desarrollo Rural,cadena productiva yuca - importaciones,2018 Dec 27 08:58:15 PM,https://www.datos.gov.co/resource/74he-k22d.json,https://www.datos.gov.co/d/74he-k22d,R04_Agricultura,R05_Economia,,5,2,"[Objetivo] Analizar comercio de yuca para prever rendimientos y mercados | [Insumos] Importaciones de yuca, producción | [Impacto] Mejor planificación agrícola y comercial | [Metodo] Razonamiento",,
a5de-ebtr,TTT,"Cadena Productiva Tomate - Area, Producción Y Rendimiento",,8.725,16.0,nacional,False,False,Ministerio de Agricultura y Desarrollo Rural,Agricultura y Desarrollo Rural,Nacional,Bogotá D.C.,Bogotá D.C.,Agricultura y Desarrollo Rural,"tomate,área,producción,rendimiento",2019 Feb 26 03:40:22 PM,https://www.datos.gov.co/resource/a5de-ebtr.json,https://www.datos.gov.co/d/a5de-ebtr,R04_Agricultura,,,5,2,"[Objetivo] Anticipar rendimientos del tomate | [Insumos] Área, producción y rendimiento | [Impacto] Incremento de la productividad tomatera | [Metodo] Razonamiento",,
n8f4-j7t9:0,Cadena Productiva Yuca - Créditos,Cadena Productiva Yuca,"Yuca, creditos, finagro",27.352,15.0,nacional,False,True,Ministerio de Agricultura y Desarrollo Rural,Agricultura y Desarrollo Social,Nacional,Bogotá D.C.,Bogotá D.C.,Agricultura y Desarrollo Rural,"yuca,creditos,finagro",2018 Sep 03 07:29:52 PM,,https://www.datos.gov.co/d/n8f4-j7t9/revisions/0,R04_Agricultura,R05_Economia,,5,2,[Objetivo] Anticipar rendimientos de yuca mediante créditos | [Insumos] Créditos Finagro para yuca | [Impacto] Mayor inversión y productividad en el cultivo | [Metodo] Razonamiento,,
5ums-wq2b,Cadena Productiva Soya - Créditos,Cadena Productiva Soya Información de créditos asignados a esta cadena productiva. Fuente Finagro,"Soya, creditos, finagro",359,15.0,nacional,False,True,Ministerio de Agricultura y Desarrollo Rural,Agricultura y Desarrollo Social,Nacional,Bogotá D.C.,Bogotá D.C.,Agricultura y Desarrollo Rural,"soya,creditos,finagro",2018 May 31 09:15:42 PM,https://www.datos.gov.co/resource/5ums-wq2b.json,https://www.datos.gov.co/d/5ums-wq2b,R04_Agricultura,R05_Economia,,5,4,[Objetivo] Apoyar créditos para cultivo de soya | [Insumos] Información de créditos Finagro para soya | [Impacto] Fomentar inversión y estabilidad en la producción sojera | [Metodo] Razonamiento,,
aasc-xrpk,Cadena Productiva Fríjol - Créditos,Cadena Productiva Fríjol - Créditos,,24.798,15.0,nacional,False,True,Ministerio de Agricultura y Desarrollo Rural,Agricultura y Desarrollo Social,Nacional,Bogotá D.C.,Bogotá D.C.,Agricultura y Desarrollo Rural,fríjol - créditos,2018 Jul 13 08:44:43 PM,https://www.datos.gov.co/resource/aasc-xrpk.json,https://www.datos.gov.co/d/aasc-xrpk,R04_Agricultura,R05_Economia,,5,2,[Objetivo] Apoyar créditos para fríjol | [Insumos] Datos de créditos para fríjol | [Impacto] Mayor financiamiento para productores de fríjol | [Metodo] Razonamiento,,
j558-v2rs,Cadena Productiva Aguacate - Importaciones,Cadena Productiva Aguacate - Importaciones,,190,15.0,nacional,False,True,Ministerio de Agricultura y Desarrollo Rural,Agricultura y Desarrollo Social,Nacional,Bogotá D.C.,Bogotá D.C.,Agricultura y Desarrollo Rural,cadena productiva aguacate - importaciones,2018 Dec 27 09:13:10 PM,https://www.datos.gov.co/resource/j558-v2rs.json,https://www.datos.gov.co/d/j558-v2rs,R04_Agricultura,R05_Economia,,5,3,[Objetivo] Analizar importaciones de aguacate | [Insumos] Datos de importación de aguacate | [Impacto] Mejor planificación de oferta y demanda | [Metodo] Razonamiento,,
dbxj-83p3:1,"Cadena Productiva Yuca - Area, Producción Y Rendimiento","Cadena Productiva Yuca - Area, Producción Y Rendimiento",,3.192,16.0,nacional,False,True,Ministerio de Agricultura y Desarrollo Rural,Agricultura y Desarrollo Rural,Nacional,Bogotá D.C.,Bogotá D.C.,Agricultura y Desarrollo Rural,"cadena productiva yuca - area,producción y rendimiento",2018 Dec 28 05:19:36 PM,,https://www.datos.gov.co/d/dbxj-83p3/revisions/1,R04_Agricultura,,,5,2,"[Objetivo] Anticipar rendimientos de yuca | [Insumos] Área, producción y rendimiento | [Impacto] Aumento de productividad del cultivo | [Metodo] Razonamiento",,
xvde-i779,Cadena Productiva Cacao - Créditos,Cadena Productiva Cacao - Créditos,,96.892,15.0,nacional,False,True,Ministerio de Agricultura y Desarrollo Rural,Agricultura y Desarrollo Social,Nacional,Bogotá D.C.,Bogotá D.C.,Agricultura y Desarrollo Rural,"cacao,créditos",2018 Sep 03 09:21:07 PM,https://www.datos.gov.co/resource/xvde-i779.json,https://www.datos.gov.co/d/xvde-i779,R04_Agricultura,R05_Economia,,5,3,[Objetivo] Apoyar créditos para cacao | [Insumos] Datos de créditos a cacaoteros | [Impacto] Facilitar inversión en el sector cacaotero | [Metodo] Razonamiento,,
wr2b-5cpd,Cadena Productiva Avicultura - Importaciones,Cadena Productiva Avicultura - Importaciones,,3.231,18.0,nacional,False,True,Ministerio de Agricultura y Desarrollo Rural,Agricultura y Desarrollo Social,Nacional,Bogotá D.C.,Bogotá D.C.,Agricultura y Desarrollo Rural,cadena productiva avicultura - importaciones,2018 Dec 27 09:44:54 PM,https://www.datos.gov.co/resource/wr2b-5cpd.json,https://www.datos.gov.co/d/wr2b-5cpd,R04_Agricultura,R05_Economia,,5,2,[Objetivo] Monitorear importaciones avícolas | [Insumos] Datos de importación en avicultura | [Impacto] Mejora de la competitividad del sector avícola | [Metodo] Razonamiento,,
p84p-jmu3,Cadena Productiva Arroz - Exportaciones,Cadena Productiva Arroz - Exportaciones,,133,14.0,nacional,False,True,Ministerio de Agricultura y Desarrollo Rural,Agricultura y Desarrollo Social,Nacional,Bogotá D.C.,Bogotá D.C.,Agricultura y Desarrollo Rural,cadena productiva arroz - exportaciones,2018 Dec 15 03:33:09 AM,https://www.datos.gov.co/resource/p84p-jmu3.json,https://www.datos.gov.co/d/p84p-jmu3,R04_Agricultura,R05_Economia,,5,3,[Objetivo] Analizar exportaciones de arroz | [Insumos] Datos de exportación arrocera | [Impacto] Optimización de la cadena productiva del arroz | [Metodo] Razonamiento,,
hape-2tx9,Cadena Productiva Papa - Exportaciones,Cadena Productiva Papa - Exportaciones,,3.522,14.0,nacional,False,True,Ministerio de Agricultura y Desarrollo Rural,Agricultura y Desarrollo Social,Nacional,Bogotá D.C.,Bogotá D.C.,Agricultura y Desarrollo Rural,cadena productiva papa - exportaciones,2018 Dec 15 03:37:16 AM,https://www.datos.gov.co/resource/hape-2tx9.json,https://www.datos.gov.co/d/hape-2tx9,R04_Agricultura,R05_Economia,,5,2,[Objetivo] Evaluar exportaciones de papa | [Insumos] Datos de exportación de papa | [Impacto] Estrategias de comercialización internacional | [Metodo] Razonamiento,,
hx4w-adnc,Cadena Productiva Papa - Importaciones,Cadena Productiva Papa - Importaciones,,4.550,15.0,nacional,False,True,Ministerio de Agricultura y Desarrollo Rural,Agricultura y Desarrollo Social,Nacional,Bogotá D.C.,Bogotá D.C.,Agricultura y Desarrollo Rural,cadena productiva papa - importaciones,2018 Dec 27 09:09:40 PM,https://www.datos.gov.co/resource/hx4w-adnc.json,https://www.datos.gov.co/d/hx4w-adnc,R04_Agricultura,R05_Economia,,5,2,[Objetivo] Monitorear importaciones de papa | [Insumos] Datos de importación | [Impacto] Ajuste de oferta y precios internos | [Metodo] Razonamiento,,
hbhi-uygi,Cadena Productiva Aguacate - Exportaciones,Cadena Productiva Aguacate - Exportaciones,,1.428,14.0,nacional,False,True,Ministerio de Agricultura y Desarrollo Rural,Agricultura y Desarrollo Social,Nacional,Bogotá D.C.,Bogotá D.C.,Agricultura y Desarrollo Rural,cadena productiva aguacate - exportaciones,2018 Dec 15 03:39:00 AM,https://www.datos.gov.co/resource/hbhi-uygi.json,https://www.datos.gov.co/d/hbhi-uygi,R04_Agricultura,R05_Economia,,5,2,[Objetivo] Analizar exportaciones de aguacate | [Insumos] Datos de exportación | [Impacto] Ampliación de mercados internacionales | [Metodo] Razonamiento,,
hi94-4yvz,Cadena Productiva Algodón - Créditos,"Cadena Productiva Algodón - Créditos  Los datos son generados con periodicidad mensual, sin embargo, esta solo es publicada dos (2) meses después de generada.",,2.877,15.0,nacional,False,True,Ministerio de Agricultura y Desarrollo Rural,Agricultura y Desarrollo Social,Nacional,Bogotá D.C.,Bogotá D.C.,Agricultura y Desarrollo Rural,cadena productiva algodón créditos,2018 Jul 13 09:28:33 PM,https://www.datos.gov.co/resource/hi94-4yvz.json,https://www.datos.gov.co/d/hi94-4yvz,R04_Agricultura,R05_Economia,,5,2,[Objetivo] Créditos para algodón | [Insumos] Datos de créditos algodoneros | [Impacto] Incentivar siembra de algodón | [Metodo] Razonamiento,,
f7i9-yqav,Cadena Productiva Mango - Importaciones,Cadena Productiva Mango - Importaciones,,503,15.0,nacional,False,True,Ministerio de Agricultura y Desarrollo Rural,Agricultura y Desarrollo Social,Nacional,Bogotá D.C.,Bogotá D.C.,Agricultura y Desarrollo Rural,cadena productiva mango - importaciones,2018 Dec 27 09:28:29 PM,https://www.datos.gov.co/resource/f7i9-yqav.json,https://www.datos.gov.co/d/f7i9-yqav,R04_Agricultura,R05_Economia,,5,4,[Objetivo] Analizar importaciones de mango | [Insumos] Datos detallados de importación | [Impacto] Mejor gestión de la oferta nacional de mango | [Metodo] Razonamiento,,
wcva-8qge,"Cadena Productiva Cebolla - Area, Producción Y Rendimiento","Cadena Productiva Cebolla - Area, Producción Y Rendimiento",,1.150,16.0,nacional,False,True,Ministerio de Agricultura y Desarrollo Rural,Agricultura y Desarrollo Social,Nacional,Bogotá D.C.,Bogotá D.C.,Agricultura y Desarrollo Rural,"cebolla,área,producción,rendimiento",2019 Feb 23 04:01:02 AM,https://www.datos.gov.co/resource/wcva-8qge.json,https://www.datos.gov.co/d/wcva-8qge,R04_Agricultura,,,5,2,"[Objetivo] Anticipar rendimientos de cebolla | [Insumos] Área, producción y rendimiento | [Impacto] Productividad del cultivo de cebolla | [Metodo] Razonamiento",,
krj5-wbq7,Cadena Productiva Piña - Exportaciones,Cadena Productiva Piña - Exportaciones,,2.367,14.0,nacional,False,True,Ministerio de Agricultura y Desarrollo Rural,Agricultura y Desarrollo Social,Nacional,Bogotá D.C.,Bogotá D.C.,Agricultura y Desarrollo Rural,cadena productiva piña - exportaciones,2018 Dec 15 03:43:50 AM,https://www.datos.gov.co/resource/krj5-wbq7.json,https://www.datos.gov.co/d/krj5-wbq7,R04_Agricultura,R05_Economia,,5,2,[Objetivo] Exportaciones de piña | [Insumos] Datos de exportación | [Impacto] Impulso a la cadena exportadora de piña | [Metodo] Razonamiento,,
duft-war5,cebolla bulba,"Cadena Productiva Cebolla - Area, Producción Y Rendimiento",,3.661,16.0,nacional,False,True,Ministerio de Agricultura y Desarrollo Rural,Agricultura y Desarrollo Rural,Nacional,Bogotá D.C.,Bogotá D.C.,Agricultura y Desarrollo Rural,"2015,cebolla,area,producción,rendimiento",2019 Feb 23 04:01:02 AM,https://www.datos.gov.co/resource/duft-war5.json,https://www.datos.gov.co/d/duft-war5,R04_Agricultura,,,5,2,"[Objetivo] Rendimientos de cebolla bulba | [Insumos] Área, producción y rendimiento | [Impacto] Mejora técnica del cultivo | [Metodo] Razonamiento",,
3ipu-47ad,Cadena Productiva Ñame - Créditos,Cadena Productiva Ñame - Créditos,,3.019,15.0,nacional,False,True,Ministerio de Agricultura y Desarrollo Rural,Agricultura y Desarrollo Social,Nacional,Bogotá D.C.,Bogotá D.C.,Agricultura y Desarrollo Rural,ñame - créditos,2018 Jul 13 09:21:54 PM,https://www.datos.gov.co/resource/3ipu-47ad.json,https://www.datos.gov.co/d/3ipu-47ad,R04_Agricultura,R05_Economia,,5,2,[Objetivo] Créditos para ñame | [Insumos] Datos de créditos | [Impacto] Fomento del cultivo de ñame | [Metodo] Razonamiento,,
gzwq-vje7:3,Cadena Productiva Café - Exportaciones,Cadena Productiva Café - Exportaciones,,56.305,14.0,nacional,False,True,Ministerio de Agricultura y Desarrollo Rural,Agricultura y Desarrollo Rural,Nacional,Bogotá D.C.,Bogotá D.C.,Agricultura y Desarrollo Rural,cadena productiva café - exportaciones,2018 Dec 15 03:35:04 AM,,https://www.datos.gov.co/d/gzwq-vje7/revisions/3,R04_Agricultura,R05_Economia,,5,3,[Objetivo] Exportaciones de café | [Insumos] Datos de exportación cafetera | [Impacto] Fortalecimiento del principal producto de exportación agrícola | [Metodo] Razonamiento,,
tig2-svgb,"Cadena Productiva Banano - Area, Producción Y Rendimiento","Cadena Productiva Banano - Area, Producción Y Rendimiento",,626,16.0,nacional,False,True,Ministerio de Agricultura y Desarrollo Rural,Agricultura y Desarrollo Social,Nacional,Bogotá D.C.,Bogotá D.C.,Agricultura y Desarrollo Rural,"cadena productiva banano - area,producción y rendimiento",2019 Feb 23 03:25:18 AM,https://www.datos.gov.co/resource/tig2-svgb.json,https://www.datos.gov.co/d/tig2-svgb,R04_Agricultura,,,5,4,"[Objetivo] Anticipar rendimientos bananeros | [Insumos] Área, producción y rendimiento de banano | [Impacto] Sostenibilidad de la producción bananera | [Metodo] Razonamiento",,
2pnw-mmge:6,Evaluaciones Agropecuarias Municipales EVA,"Base histórica de los años 2007 a 2018, relacionada con la producción agrícola Nacional, adicionalmente, brinda a los diversos actores con especial énfasis en los productores, información agrícola regional y nacional que fortalece procesos productivos y de comercialización.","Base, Agricola, Cultivos",206.068,17.0,nacional,False,True,Ministerio de Agricultura y Desarrollo Rural,Agricultura y Desarrollo Rural,Nacional,Bogotá D.C.,Bogotá D.C.,Agricultura y Desarrollo Rural,,2019 Nov 24 07:29:32 PM,,https://www.datos.gov.co/d/2pnw-mmge/revisions/6,R04_Agricultura,,,5,4,[Objetivo] Evaluaciones agropecuarias municipales | [Insumos] Serie histórica 2007-2018 de producción agrícola | [Impacto] Información robusta para la toma de decisiones productivas y comerciales | [Metodo] Razonamiento,,
cbs6-f9kd,Cadena Productiva Palma De Aceite - Créditos,Cadena Productiva Palma De Aceite - Créditos,,1.127,15.0,nacional,False,True,Ministerio de Agricultura y Desarrollo Rural,Agricultura y Desarrollo Social,Nacional,Bogotá D.C.,Bogotá D.C.,Agricultura y Desarrollo Rural,palma de aceite - créditos,2018 Jul 10 06:49:59 PM,https://www.datos.gov.co/resource/cbs6-f9kd.json,https://www.datos.gov.co/d/cbs6-f9kd,R04_Agricultura,,,4,2,[Objetivo] Predicción de rendimiento y análisis de créditos agrícolas. | [Insumos] Créditos de la cadena productiva de palma de aceite. | [Impacto] Fortalecimiento de la resiliencia económica rural. | [Metodo] Razonamiento,,
gds5-zqer,Cadena Productiva Caña Panelera - Créditos,Cadena Productiva Caña Panelera - Créditos,,80.436,15.0,nacional,False,True,Ministerio de Agricultura y Desarrollo Rural,Agricultura y Desarrollo Social,Nacional,Bogotá D.C.,Bogotá D.C.,Agricultura y Desarrollo Rural,caña panelera - créditos,2018 Jul 13 09:31:14 PM,https://www.datos.gov.co/resource/gds5-zqer.json,https://www.datos.gov.co/d/gds5-zqer,R04_Agricultura,,,4,4,[Objetivo] Predicción de rendimiento y análisis de créditos agrícolas. | [Insumos] Créditos de caña panelera. | [Impacto] Mayor productividad y resiliencia rural. | [Metodo] Razonamiento,,
4zpa-tb37,"Cadena Productiva Arroz - Area, Producción Y Rendimiento","Cadena Productiva Arroz - Area, Producción Y Rendimiento",,1.961,16.0,nacional,False,True,Ministerio de Agricultura y Desarrollo Rural,Agricultura y Desarrollo Social,Nacional,Bogotá D.C.,Bogotá D.C.,Agricultura y Desarrollo Rural,"cadena productiva arroz - area,producción y rendimiento",2018 Dec 28 06:02:27 PM,https://www.datos.gov.co/resource/4zpa-tb37.json,https://www.datos.gov.co/d/4zpa-tb37,R04_Agricultura,,,4,2,"[Objetivo] Predicción de rendimiento de arroz. | [Insumos] Área, producción y rendimiento. | [Impacto] Mayor productividad agrícola. | [Metodo] Razonamiento",,
gzrg-rewp,Cadena Productiva Maíz - Créditos,Cadena Productiva Maíz. Información de créditos entregados a esta cadena productiva. Fuente Finagro,"Maiz, creditos, finagro",15.629,15.0,nacional,False,True,Ministerio de Agricultura y Desarrollo Rural,Agricultura y Desarrollo Social,Nacional,Bogotá D.C.,Bogotá D.C.,Agricultura y Desarrollo Rural,"maiz,creditos,finagro",2018 Sep 03 09:00:53 PM,https://www.datos.gov.co/resource/gzrg-rewp.json,https://www.datos.gov.co/d/gzrg-rewp,R04_Agricultura,R05_Economia,,4,3,[Objetivo] Facilitar análisis de financiamiento agrícola para prever inversión en cadenas productivas | [Insumos] Registros de créditos otorgados a la cadena de maíz (Finagro) | [Impacto] Mejores políticas de apoyo financiero al sector rural | [Metodo] Razonamiento,,
w6b3-yzkn,Cadena Productiva Flores - Importaciones,Cadena Productiva Flores - Importaciones,,9.583,18.0,nacional,False,True,Ministerio de Agricultura y Desarrollo Rural,Agricultura y Desarrollo Social,Nacional,Bogotá D.C.,Bogotá D.C.,Agricultura y Desarrollo Rural,cadena productiva flores - importaciones,2017 Aug 28 09:26:42 PM,https://www.datos.gov.co/resource/w6b3-yzkn.json,https://www.datos.gov.co/d/w6b3-yzkn,R04_Agricultura,R05_Economia,,4,3,[Objetivo] Monitorear importaciones agrícolas para anticipar condiciones de mercado y competencia | [Insumos] Registros de importaciones de flores | [Impacto] Fortalecimiento de la comercialización agrícola internacional | [Metodo] Razonamiento,,
xxa9-5qhz,Cadena Productiva Mango - Créditos,Cadena Productiva Mango - Créditos,,4.984,15.0,nacional,False,True,Ministerio de Agricultura y Desarrollo Rural,Agricultura y Desarrollo Social,Nacional,Bogotá D.C.,Bogotá D.C.,Agricultura y Desarrollo Rural,mango - créditos,2018 Jul 13 08:21:24 PM,https://www.datos.gov.co/resource/xxa9-5qhz.json,https://www.datos.gov.co/d/xxa9-5qhz,R04_Agricultura,R05_Economia,,4,2,[Objetivo] Analizar créditos otorgados a la cadena de mango para prever inversión | [Insumos] Datos de créditos de mango | [Impacto] Orientación de políticas financieras sectoriales | [Metodo] Razonamiento,,
naqw-u3pp,Cadena Productiva Acuicultura - Exportaciones,Cadena Productiva Acuicultura - Exportaciones,,2.597,18.0,nacional,False,True,Ministerio de Agricultura y Desarrollo Rural,Agricultura y Desarrollo Social,Nacional,Bogotá D.C.,Bogotá D.C.,Agricultura y Desarrollo Rural,cadena productiva acuicultura - exportaciones,2018 Dec 15 04:09:50 AM,https://www.datos.gov.co/resource/naqw-u3pp.json,https://www.datos.gov.co/d/naqw-u3pp,R04_Agricultura,R05_Economia,,4,2,[Objetivo] Monitorear exportaciones acuícolas para anticipar tendencias de mercado | [Insumos] Datos de exportaciones de acuicultura | [Impacto] Fortalecimiento de la comercialización pesquera | [Metodo] Razonamiento,,
e8jd-mbyz,flo,Cadena Productiva Flores - Créditos,,4.630,22.0,nacional,False,False,Ministerio de Agricultura y Desarrollo Rural,Agricultura y Desarrollo Social,Nacional,Bogotá D.C.,Bogotá D.C.,Agricultura y Desarrollo Rural,cadena productiva flores - créditos flóres,2018 Jan 16 08:34:57 PM,https://www.datos.gov.co/resource/e8jd-mbyz.json,https://www.datos.gov.co/d/e8jd-mbyz,R04_Agricultura,R05_Economia,,4,2,[Objetivo] Analizar créditos de floricultura para prever dinámica de inversión | [Insumos] Créditos otorgados a cadena de flores | [Impacto] Mejora del acceso a financiamiento sectorial | [Metodo] Razonamiento,,
94ft-3vci,Cadena Productiva Caña De Azúcar - Créditos,Cadena Productiva Caña De Azúcar - Créditos,,3.560,15.0,nacional,False,True,Ministerio de Agricultura y Desarrollo Rural,Agricultura y Desarrollo Social,Nacional,Bogotá D.C.,Bogotá D.C.,Agricultura y Desarrollo Rural,caña de azúcar - créditos caña de azucar,2018 Jul 13 09:27:23 PM,https://www.datos.gov.co/resource/94ft-3vci.json,https://www.datos.gov.co/d/94ft-3vci,R04_Agricultura,R05_Economia,,4,2,[Objetivo] Examinar financiamiento a caña de azúcar para anticipar inversión productiva | [Insumos] Registros de créditos de caña de azúcar | [Impacto] Mejores políticas financieras para el sector azucarero | [Metodo] Razonamiento,,
2p67-gywg,Cadena Productiva Piña - Importaciones,Cadena Productiva Piña - Importaciones,,455,15.0,nacional,False,True,Ministerio de Agricultura y Desarrollo Rural,Agricultura y Desarrollo Social,Nacional,Bogotá D.C.,Bogotá D.C.,Agricultura y Desarrollo Rural,cadena productiva piña - importaciones,2018 Dec 27 09:24:52 PM,https://www.datos.gov.co/resource/2p67-gywg.json,https://www.datos.gov.co/d/2p67-gywg,R04_Agricultura,R05_Economia,,4,4,[Objetivo] Monitorear importaciones de piña para anticipar condiciones de oferta externa | [Insumos] Datos de importaciones de piña con cobertura nacional | [Impacto] Mejor comprensión del mercado frutícola | [Metodo] Razonamiento,,
gxbt-i3rd,Cadena Productiva Café - Importaciones,Cadena Productiva Café - Importaciones,,6.440,15.0,nacional,False,True,Ministerio de Agricultura y Desarrollo Rural,Agricultura y Desarrollo Social,Nacional,Bogotá D.C.,Bogotá D.C.,Agricultura y Desarrollo Rural,cadena productiva café - importaciones,2018 Dec 27 09:08:09 PM,https://www.datos.gov.co/resource/gxbt-i3rd.json,https://www.datos.gov.co/d/gxbt-i3rd,R04_Agricultura,R05_Economia,,4,2,[Objetivo] Analizar importaciones de café para anticipar presión competitiva | [Insumos] Registros de importaciones de café | [Impacto] Apoyo a estrategias de comercialización cafetera | [Metodo] Razonamiento,,
7un4-7cjz,Cadena Productiva Tomate - Créditos,Cadena Productiva Tomate - Créditos,,6.526,15.0,nacional,False,True,Ministerio de Agricultura y Desarrollo Rural,Agricultura y Desarrollo Social,Nacional,Bogotá D.C.,Bogotá D.C.,Agricultura y Desarrollo Rural,tomate - créditos,2018 Jul 13 09:14:02 PM,https://www.datos.gov.co/resource/7un4-7cjz.json,https://www.datos.gov.co/d/7un4-7cjz,R04_Agricultura,R05_Economia,,4,2,[Objetivo] Evaluar créditos para tomate y su relación con la inversión productiva | [Insumos] Registros de créditos de la cadena de tomate | [Impacto] Mejores decisiones de financiamiento rural | [Metodo] Razonamiento,,
xx2i-64a8,Cadena Productiva Acuicultura - Importaciones,Cadena Productiva Acuicultura - Importaciones,,33.699,18.0,nacional,False,True,Ministerio de Agricultura y Desarrollo Rural,Agricultura y Desarrollo Social,Nacional,Bogotá D.C.,Bogotá D.C.,Agricultura y Desarrollo Rural,cadena productiva acuicultura - importaciones,2018 Dec 27 09:51:06 PM,https://www.datos.gov.co/resource/xx2i-64a8.json,https://www.datos.gov.co/d/xx2i-64a8,R04_Agricultura,R05_Economia,,4,3,[Objetivo] Monitorear importaciones acuícolas para anticipar demanda externa | [Insumos] Datos de importaciones de acuicultura | [Impacto] Fortalecimiento de la competitividad acuícola | [Metodo] Razonamiento,,
d3n2-iqfh,Cadena Productiva Banano - Importaciones,Cadena Productiva Banano - Importaciones,,394,15.0,nacional,False,True,Ministerio de Agricultura y Desarrollo Rural,Agricultura y Desarrollo Social,Nacional,Bogotá D.C.,Bogotá D.C.,Agricultura y Desarrollo Rural,cadena productiva banano - importaciones,2018 Dec 27 09:21:17 PM,https://www.datos.gov.co/resource/d3n2-iqfh.json,https://www.datos.gov.co/d/d3n2-iqfh,R04_Agricultura,R05_Economia,,4,4,[Objetivo] Monitorear importaciones de banano para anticipar condiciones comerciales | [Insumos] Datos de importaciones de banano | [Impacto] Fortalecimiento de la comercialización bananera | [Metodo] Razonamiento,,
m3cz-7p4n,Erradicacion de Cultivo ilicitos en Colombia 2003-2024.,Es la eliminación física o afectación directa de los cultivos ilícitos. Se ejecuta a través del empleo de diferentes modalidades que buscan la disminución de este tipo de plantaciones. La unidad de medida corresponde a hectáreas (ha).,,,,nacional,False,True,Ministerio de Defensa Nacional,Defensa,Nacional,Bogotá D.C.,Bogotá D.C.,Seguridad y Defensa,,2026 Apr 16 04:06:33 PM,https://www.datos.gov.co/resource/m3cz-7p4n.json,https://www.datos.gov.co/d/m3cz-7p4n,R02_Seguridad,R04_Agricultura,,4,1,[Objetivo] Monitorear erradicación de cultivos ilícitos para combatir narcotráfico | [Insumos] hectáreas erradicadas por año | [Impacto] Reducción de oferta de drogas y financiamiento ilegal | [Metodo] Razonamiento,,
yw5n-sfps,Productores: Despacho de biocombustibles líquidos a nivel nacional,Conjunto de datos con los registros de despachos de biocombustibles desde un productor a un mayorista en el terrirorio nacional.,El volumen (galones) de combustible líquido que un productor de biocombustible despachó a un mayorista,4.409,15.0,nacional,False,True,Ministerio de Minas y Energía,Minas y Energía,Nacional,Bogotá D.C.,Bogotá D.C.,Minas y Energía,"despacho,productor",2022 Oct 04 01:39:58 PM,https://www.datos.gov.co/resource/yw5n-sfps.json,https://www.datos.gov.co/d/yw5n-sfps,R06_MedioAmbiente,R04_Agricultura,R04_Agricultura,4,2,"[Objetivo] Monitorear la producción y despacho de biocombustibles para evaluar la contribución de energías limpias y el sector agrícola | [Insumos] volúmenes de biocombustibles (etanol, biodiesel) despachados | [Impacto] apoya la transición energética y la agricultura sostenible | [Metodo] Razonamiento",,
66dz-3iik,Información general de mujeres y jóvenes que han participado en el curso Mis Finanzas Cuentan - septiembre 2022.,"Mis Finanzas Cuentan es el programa virtual de educación económica y financiera especialmente diseñado para mujeres y jóvenes rurales, desarrollado en alianza entre el Ministerio de Agricultura y Desarrollo Rural y Développement International Desjardins (DID) – PROFEM. 
Este programa le permitirá a las mujeres y jóvenes rurales acceder a información valiosa y conocer nuevas herramientas de manejo de sus finanzas, de tal manera que puedan fortalecer sus capacidades y habilidades económicas y financieras para tomar mejores decisiones informadas y oportunas en sus hogares y en sus unidades productivas.",,1.610,25.0,nacional,False,True,Ministerio de Agricultura y Desarrollo Rural,Agricultura y Desarrollo Social,Nacional,Bogotá D.C.,Bogotá D.C.,Agricultura y Desarrollo Rural,"economía y finanzas,desarrollo rural",2022 Nov 22 01:49:22 PM,https://www.datos.gov.co/resource/66dz-3iik.json,https://www.datos.gov.co/d/66dz-3iik,R04_Agricultura,R05_Economia,R05_Economia,3,3,[Objetivo] Educación financiera para productores rurales | [Insumos] Participación de mujeres y jóvenes rurales en programa de finanzas | [Impacto] Desarrollo económico rural y empoderamiento | [Metodo] Razonamiento,,
sm3v-327q,Cadena Productiva Piña - Créditos,Cadena Productiva Piña - Créditos,,9.729,15.0,nacional,False,True,Ministerio de Agricultura y Desarrollo Rural,Agricultura y Desarrollo Social,Nacional,Bogotá D.C.,Bogotá D.C.,Agricultura y Desarrollo Rural,piña - créditos,2018 Jul 13 09:05:17 PM,https://www.datos.gov.co/resource/sm3v-327q.json,https://www.datos.gov.co/d/sm3v-327q,R04_Agricultura,R05_Economia,,3,2,[Objetivo] Medir acceso al crédito para productores de piña | [Insumos] créditos otorgados a la cadena | [Impacto] inclusión financiera y productividad | [Metodo] Razonamiento,,
d968-yfb5,"Cadena Productiva Maíz - Area, Producción Y Rendimiento","Cadena Productiva Maíz - Area, Producción Y Rendimiento",,8.464,16.0,nacional,False,True,Ministerio de Agricultura y Desarrollo Rural,Agricultura y Desarrollo Social,Nacional,Bogotá D.C.,Bogotá D.C.,Agricultura y Desarrollo Rural,"cadena productiva maíz - area,producción y rendimiento",2019 Feb 23 04:09:32 AM,https://www.datos.gov.co/resource/d968-yfb5.json,https://www.datos.gov.co/d/d968-yfb5,R04_Agricultura,R05_Economia,,3,2,"[Objetivo] Analizar rendimientos de maíz por municipio | [Insumos] área, producción y rendimiento de maíz | [Impacto] mejora de prácticas y abastecimiento | [Metodo] Razonamiento",,
dbxj-83p3,"Cadena Productiva Yuca - Area, Producción Y Rendimiento","Cadena Productiva Yuca - Area, Producción Y Rendimiento",,3.192,16.0,nacional,False,True,Ministerio de Agricultura y Desarrollo Rural,Agricultura y Desarrollo Social,Nacional,Bogotá D.C.,Bogotá D.C.,Agricultura y Desarrollo Rural,"cadena productiva yuca - area,producción y rendimiento",2018 Dec 28 05:19:36 PM,https://www.datos.gov.co/resource/dbxj-83p3.json,https://www.datos.gov.co/d/dbxj-83p3,R04_Agricultura,R05_Economia,,3,2,"[Objetivo] Evaluar productividad de yuca | [Insumos] área, producción y rendimiento de yuca | [Impacto] seguridad alimentaria y mercados | [Metodo] Razonamiento",,
chbq-w5mx,Cadena Productiva Cacao - Exportaciones,Cadena Productiva Cacao - Exportaciones,,19.064,14.0,nacional,False,True,Ministerio de Agricultura y Desarrollo Rural,Agricultura y Desarrollo Social,Nacional,Bogotá D.C.,Bogotá D.C.,Agricultura y Desarrollo Rural,cadena productiva cacao - exportaciones,2018 Dec 15 03:31:49 AM,https://www.datos.gov.co/resource/chbq-w5mx.json,https://www.datos.gov.co/d/chbq-w5mx,R04_Agricultura,R05_Economia,,3,2,[Objetivo] Monitorear exportaciones de cacao | [Insumos] exportaciones de cacao | [Impacto] competitividad y acceso a mercados | [Metodo] Razonamiento,,
6a65-etwj,Cadena Productiva Caucho - Exportaciones,Cadena Productiva Caucho - Exportaciones,,33.876,14.0,nacional,False,True,Ministerio de Agricultura y Desarrollo Rural,Agricultura y Desarrollo Social,Nacional,Bogotá D.C.,Bogotá D.C.,Agricultura y Desarrollo Rural,cadena productiva caucho - exportaciones,2018 Dec 15 03:41:41 AM,https://www.datos.gov.co/resource/6a65-etwj.json,https://www.datos.gov.co/d/6a65-etwj,R04_Agricultura,R05_Economia,,3,2,[Objetivo] Análisis de comercio exterior de caucho | [Insumos] exportaciones de caucho | [Impacto] orientación de política comercial | [Metodo] Razonamiento,,
nehz-f2bs,Cadena Productiva Maíz - Exportaciones,Cadena Productiva Maíz - Exportaciones,,9.898,14.0,nacional,False,True,Ministerio de Agricultura y Desarrollo Rural,Agricultura y Desarrollo Social,Nacional,Bogotá D.C.,Bogotá D.C.,Agricultura y Desarrollo Rural,cadena productiva maíz - exportaciones,2018 Dec 14 07:43:21 PM,https://www.datos.gov.co/resource/nehz-f2bs.json,https://www.datos.gov.co/d/nehz-f2bs,R04_Agricultura,R05_Economia,,3,2,[Objetivo] Exportaciones de maíz | [Insumos] pocos registros de exportación | [Impacto] inteligencia de mercados limitada | [Metodo] Razonamiento,,
uw9z-pgwy,"Cadena Productiva Plátano - Area, Producción Y Rendimiento","Cadena Productiva Plátano - Area, Producción Y Rendimiento",,36,16.0,nacional,False,True,Ministerio de Agricultura y Desarrollo Rural,Agricultura y Desarrollo Social,Nacional,Bogotá D.C.,Bogotá D.C.,Agricultura y Desarrollo Rural,"cadena productiva plátano - area,producción y rendimiento",2019 Feb 25 09:16:08 PM,https://www.datos.gov.co/resource/uw9z-pgwy.json,https://www.datos.gov.co/d/uw9z-pgwy,R04_Agricultura,R05_Economia,,3,2,"[Objetivo] Rendimiento de plátano | [Insumos] área, producción, rendimiento con pocos registros | [Impacto] planificación productiva | [Metodo] Razonamiento",,
g9b6-e7ez,Cadena Productiva Avicultura - Créditos,Cadena Productiva Avicultura - Créditos,,17.163,22.0,nacional,False,True,Ministerio de Agricultura y Desarrollo Rural,Agricultura y Desarrollo Social,Nacional,Bogotá D.C.,Bogotá D.C.,Agricultura y Desarrollo Rural,cadena productiva avicultura - créditos,2017 Aug 30 07:46:16 PM,https://www.datos.gov.co/resource/g9b6-e7ez.json,https://www.datos.gov.co/d/g9b6-e7ez,R04_Agricultura,R05_Economia,,3,2,[Objetivo] Créditos a la avicultura | [Insumos] créditos asignados | [Impacto] fortalecimiento de la cadena avícola | [Metodo] Razonamiento,,
qf2m-phfj,Producción en toneladas,"Cadena Productiva Cacao - Area, Producción Y Rendimiento",,,,nacional,False,True,Ministerio de Agricultura y Desarrollo Rural,Agricultura y Desarrollo Rural,Nacional,Bogotá D.C.,Bogotá D.C.,Agricultura y Desarrollo Rural,,2019 Feb 23 03:29:45 AM,https://www.datos.gov.co/resource/qf2m-phfj.json,https://www.datos.gov.co/d/qf2m-phfj,R04_Agricultura,,,3,1,[Objetivo] Anticipar rendimientos del cacao | [Insumos] Producción en toneladas | [Impacto] Mejora de la productividad cacaotera | [Metodo] Razonamiento,,
gevs-4hws,cacao,"Cadena Productiva Cacao - Area, Producción Y Rendimiento",,,7.0,nacional,False,True,Ministerio de Agricultura y Desarrollo Rural,Agricultura y Desarrollo Rural,Nacional,Bogotá D.C.,Bogotá D.C.,Agricultura y Desarrollo Rural,"cadena productiva cacao - area,producción y rendimiento",2019 Feb 23 03:29:45 AM,https://www.datos.gov.co/resource/gevs-4hws.json,https://www.datos.gov.co/d/gevs-4hws,R04_Agricultura,,,3,1,"[Objetivo] Predecir rendimientos del cacao | [Insumos] Área, producción y rendimiento | [Impacto] Mayor resiliencia de los productores cacaoteros | [Metodo] Razonamiento",,
7k48-wypq,Copia de RENDIMIENTO DE CULTIVOS EN COLOMBIA POR AÑO,,,,,nacional,False,False,Ministerio de Agricultura y Desarrollo Rural,Agricultura y Desarrollo Rural,Nacional,Bogotá D.C.,Bogotá D.C.,Agricultura y Desarrollo Rural,,2019 Nov 24 07:29:32 PM,https://www.datos.gov.co/resource/7k48-wypq.json,https://www.datos.gov.co/d/7k48-wypq,R04_Agricultura,,,3,1,[Objetivo] Monitorear rendimiento de cultivos en Colombia | [Insumos] Rendimiento de cultivos por año | [Impacto] Mejora de políticas agrícolas | [Metodo] Razonamiento,,
44w4-fuzx,1,Cadena Productiva Plátano - Exportaciones,,,,nacional,False,False,Ministerio de Agricultura y Desarrollo Rural,Agricultura y Desarrollo Rural,Nacional,Bogotá D.C.,Bogotá D.C.,Agricultura y Desarrollo Rural,,2018 Dec 15 03:30:07 AM,https://www.datos.gov.co/resource/44w4-fuzx.json,https://www.datos.gov.co/d/44w4-fuzx,R04_Agricultura,R05_Economia,,3,1,[Objetivo] Evaluar exportaciones de plátano | [Insumos] Datos de exportación | [Impacto] Mejora de la competitividad del plátano | [Metodo] Razonamiento,,
bxrk-yypy,ozkarmen,"Cadena Productiva Cacao - Area, Producción Y Rendimiento",,,9.0,nacional,False,True,Ministerio de Agricultura y Desarrollo Rural,Agricultura y Desarrollo Rural,Nacional,Bogotá D.C.,Bogotá D.C.,Agricultura y Desarrollo Rural,"cadena productiva cacao - area,producción y rendimiento",2019 Feb 23 03:29:45 AM,https://www.datos.gov.co/resource/bxrk-yypy.json,https://www.datos.gov.co/d/bxrk-yypy,R04_Agricultura,,,3,1,"[Objetivo] Datos de cacao | [Insumos] Área, producción, rendimiento | [Impacto] Mejora productiva cacaotera | [Metodo] Razonamiento",,
a85k-4hkv,yuca2,"Cadena Productiva Yuca - Area, Producción Y Rendimiento",,,5.0,nacional,False,True,Ministerio de Agricultura y Desarrollo Rural,Agricultura y Desarrollo Rural,Nacional,Bogotá D.C.,Bogotá D.C.,Agricultura y Desarrollo Rural,"cadena productiva yuca - area,producción y rendimiento",2018 Dec 28 05:19:36 PM,https://www.datos.gov.co/resource/a85k-4hkv.json,https://www.datos.gov.co/d/a85k-4hkv,R04_Agricultura,,,3,1,"[Objetivo] Datos de producción de yuca | [Insumos] Área, producción, rendimiento | [Impacto] Apoyo a cultivadores de yuca | [Metodo] Razonamiento",,
pp2t-wr57,Area sembrada,"Base histórica de los años 2007 a 2018, relacionada con la producción agrícola Nacional, adicionalmente, brinda a los diversos actores con especial énfasis en los productores, información agrícola regional y nacional que fortalece procesos productivos y de comercialización.",,,,nacional,False,True,Ministerio de Agricultura y Desarrollo Rural,Agricultura y Desarrollo Rural,Nacional,Bogotá D.C.,Bogotá D.C.,Agricultura y Desarrollo Rural,,2019 Nov 24 07:29:32 PM,https://www.datos.gov.co/resource/pp2t-wr57.json,https://www.datos.gov.co/d/pp2t-wr57,R04_Agricultura,,,3,1,[Objetivo] Informar área sembrada histórica | [Insumos] Base de datos de producción agrícola 2007-2018 | [Impacto] Fortalecimiento de decisiones productivas | [Metodo] Razonamiento,,
bti4-gymk,Cultivos_ejemplo,"Base histórica de los años 2007 a 2018, relacionada con la producción agrícola Nacional, adicionalmente, brinda a los diversos actores con especial énfasis en los productores, información agrícola regional y nacional que fortalece procesos productivos y de comercialización.",,,,nacional,False,True,Ministerio de Agricultura y Desarrollo Rural,Agricultura y Desarrollo Rural,Nacional,Bogotá D.C.,Bogotá D.C.,Agricultura y Desarrollo Rural,,2019 Nov 24 07:29:32 PM,https://www.datos.gov.co/resource/bti4-gymk.json,https://www.datos.gov.co/d/bti4-gymk,R04_Agricultura,,,3,1,[Objetivo] Ejemplo de cultivos históricos | [Insumos] Base de producción agrícola | [Impacto] Potencial uso en análisis productivos | [Metodo] Razonamiento,,
pusq-st6a,cristian,"Cadena Productiva Aguacate - Area, Producción Y Rendimiento",,,5.0,nacional,False,True,Ministerio de Agricultura y Desarrollo Rural,Agricultura y Desarrollo Rural,Nacional,Bogotá D.C.,Bogotá D.C.,Agricultura y Desarrollo Rural,"cadena productiva aguacate - area,producción y rendimiento",2019 Feb 22 03:12:34 AM,https://www.datos.gov.co/resource/pusq-st6a.json,https://www.datos.gov.co/d/pusq-st6a,R04_Agricultura,,,3,1,"[Objetivo] Datos de aguacate | [Insumos] Área, producción, rendimiento | [Impacto] Apoyo a productores | [Metodo] Razonamiento",,
9n5w-ktx5,Tomate tesis area sembrada y cosechada,"Cadena Productiva Tomate - Area, Producción Y Rendimiento",,,,nacional,False,True,Ministerio de Agricultura y Desarrollo Rural,Agricultura y Desarrollo Rural,Nacional,Bogotá D.C.,Bogotá D.C.,Agricultura y Desarrollo Rural,,2019 Feb 26 03:40:22 PM,https://www.datos.gov.co/resource/9n5w-ktx5.json,https://www.datos.gov.co/d/9n5w-ktx5,R04_Agricultura,,,3,1,[Objetivo] Información de área de tomate | [Insumos] Área sembrada y cosechada | [Impacto] Base para investigaciones agrícolas | [Metodo] Razonamiento,,
kbih-62iw,CACAO EN SAN VICENTE,"Base histórica de los años 2007 a 2018, relacionada con la producción agrícola Nacional, adicionalmente, brinda a los diversos actores con especial énfasis en los productores, información agrícola regional y nacional que fortalece procesos productivos y de comercialización.","Base, Agricola, Cultivos",,17.0,nacional,False,True,Ministerio de Agricultura y Desarrollo Rural,Agricultura y Desarrollo Rural,Nacional,Bogotá D.C.,Bogotá D.C.,Agricultura y Desarrollo Rural,,2019 Nov 24 07:29:32 PM,https://www.datos.gov.co/resource/kbih-62iw.json,https://www.datos.gov.co/d/kbih-62iw,R04_Agricultura,,,3,1,[Objetivo] Producción de cacao en San Vicente | [Insumos] Base histórica agrícola | [Impacto] Información local para productores | [Metodo] Razonamiento,,
jqk4-p7bt,la argentina,"Base histórica de los años 2007 a 2018, relacionada con la producción agrícola Nacional, adicionalmente, brinda a los diversos actores con especial énfasis en los productores, información agrícola regional y nacional que fortalece procesos productivos y de comercialización.","Base, Agricola, Cultivos",,17.0,nacional,False,True,Ministerio de Agricultura y Desarrollo Rural,Agricultura y Desarrollo Rural,Nacional,Bogotá D.C.,Bogotá D.C.,Agricultura y Desarrollo Rural,,2019 Nov 24 07:29:32 PM,https://www.datos.gov.co/resource/jqk4-p7bt.json,https://www.datos.gov.co/d/jqk4-p7bt,R04_Agricultura,,,3,1,[Objetivo] Información agrícola histórica | [Insumos] Base de datos productiva | [Impacto] Apoyo a productores y comercializadores | [Metodo] Razonamiento,,
9mxv-7xg5,produccion pupiales,"Base histórica de los años 2007 a 2018, relacionada con la producción agrícola Nacional, adicionalmente, brinda a los diversos actores con especial énfasis en los productores, información agrícola regional y nacional que fortalece procesos productivos y de comercialización.","Base, Agricola, Cultivos",,17.0,nacional,False,True,Ministerio de Agricultura y Desarrollo Rural,Agricultura y Desarrollo Rural,Nacional,Bogotá D.C.,Bogotá D.C.,Agricultura y Desarrollo Rural,,2019 Nov 24 07:29:32 PM,https://www.datos.gov.co/resource/9mxv-7xg5.json,https://www.datos.gov.co/d/9mxv-7xg5,R04_Agricultura,,,3,1,[Objetivo] Producción en Pupiales | [Insumos] Base agrícola histórica | [Impacto] Información municipal para decisiones | [Metodo] Razonamiento,,
879a-gz6j,Production par département,"Cadena Productiva Cacao - Area, Producción Y Rendimiento",,,,nacional,False,True,Ministerio de Agricultura y Desarrollo Rural,Agricultura y Desarrollo Rural,Nacional,Bogotá D.C.,Bogotá D.C.,Agricultura y Desarrollo Rural,,2019 Feb 23 03:29:45 AM,https://www.datos.gov.co/resource/879a-gz6j.json,https://www.datos.gov.co/d/879a-gz6j,R04_Agricultura,,,3,1,"[Objetivo] Producción de cacao por departamento | [Insumos] Área, producción, rendimiento | [Impacto] Planificación regional cacaotera | [Metodo] Razonamiento",,
afpv-2uh3,Copia de RENDIMIENTO DE CULTIVOS EN COLOMBIA POR AÑO,,,,,nacional,False,False,Ministerio de Agricultura y Desarrollo Rural,Agricultura y Desarrollo Social,Nacional,Bogotá D.C.,Bogotá D.C.,Agricultura y Desarrollo Rural,,2019 Nov 24 07:29:32 PM,https://www.datos.gov.co/resource/afpv-2uh3.json,https://www.datos.gov.co/d/afpv-2uh3,R04_Agricultura,,,3,1,[Objetivo] Rendimiento de cultivos en Colombia | [Insumos] Copia de datos | [Impacto] Referencia para análisis de productividad | [Metodo] Razonamiento,,
iwg8-5egj,Cadena Productiva Caucho - Créditos,Cadena Productiva Caucho - Créditos,,3.987,15.0,nacional,False,True,Ministerio de Agricultura y Desarrollo Rural,Agricultura y Desarrollo Social,Nacional,Bogotá D.C.,Bogotá D.C.,Agricultura y Desarrollo Rural,caucho - créditos,2018 Jul 13 08:19:39 PM,https://www.datos.gov.co/resource/iwg8-5egj.json,https://www.datos.gov.co/d/iwg8-5egj,R04_Agricultura,R05_Economia,,2,2,[Objetivo] Seguimiento a créditos agrícolas | [Insumos] créditos para caucho | [Impacto] orientación financiera sectorial | [Metodo] Razonamiento,,
mmt9-gizr,Cadena Productiva Papaya - Créditos,Cadena Productiva Papaya - Créditos,,3.101,15.0,nacional,False,True,Ministerio de Agricultura y Desarrollo Rural,Agricultura y Desarrollo Social,Nacional,Bogotá D.C.,Bogotá D.C.,Agricultura y Desarrollo Rural,papaya - créditos,2018 Jul 13 08:25:21 PM,https://www.datos.gov.co/resource/mmt9-gizr.json,https://www.datos.gov.co/d/mmt9-gizr,R04_Agricultura,R05_Economia,,2,2,[Objetivo] Monitorear créditos en cadena de papaya | [Insumos] créditos para papaya | [Impacto] fortalecimiento financiero de productores | [Metodo] Razonamiento,,
nxav-n3d2,Zanahoria,"Cadena Productiva Zanahoria - Area, Producción Y Rendimiento",,1.500,16.0,nacional,False,True,Ministerio de Agricultura y Desarrollo Rural,Agricultura y Desarrollo Rural,Nacional,Bogotá D.C.,Bogotá D.C.,Agricultura y Desarrollo Rural,"zanahoria,área,producción,rendimiento",2019 Feb 26 03:46:29 PM,https://www.datos.gov.co/resource/nxav-n3d2.json,https://www.datos.gov.co/d/nxav-n3d2,R04_Agricultura,,,2,2,[Objetivo] Registro de rendimiento de zanahoria | [Insumos] una sola fila de datos | [Impacto] limitado pero complementario | [Metodo] Razonamiento,,
dt35-53ti,eduardo,"Cadena Productiva Papaya - Area, Producción Y Rendimiento",,1.670,16.0,nacional,False,True,Ministerio de Agricultura y Desarrollo Rural,Agricultura y Desarrollo Rural,Nacional,Bogotá D.C.,Bogotá D.C.,Agricultura y Desarrollo Rural,"papaya,area,producción,rendimiento,2015",2019 Feb 25 09:01:02 PM,https://www.datos.gov.co/resource/dt35-53ti.json,https://www.datos.gov.co/d/dt35-53ti,R04_Agricultura,,,2,2,[Objetivo] Rendimiento de papaya | [Insumos] una sola fila | [Impacto] marginal | [Metodo] Razonamiento,,
k5kz-m5v2,ARRACACHA1,"Cadena productiva Arracacha - Area, producción y rendimiento",,1.669,16.0,nacional,False,True,Ministerio de Agricultura y Desarrollo Rural,Agricultura y Desarrollo Rural,Nacional,Bogotá D.C.,Bogotá D.C.,Agricultura y Desarrollo Rural,"2015,area,producción,rendimiento",2019 Feb 22 03:50:27 AM,https://www.datos.gov.co/resource/k5kz-m5v2.json,https://www.datos.gov.co/d/k5kz-m5v2,R04_Agricultura,,,2,2,[Objetivo] Rendimiento de arracacha | [Insumos] un solo registro | [Impacto] testimonial | [Metodo] Razonamiento,,
5r7c-365c,Cadena Productiva Flores - Créditos,Cadena Productiva Flores - Créditos,,4.630,22.0,nacional,False,True,Ministerio de Agricultura y Desarrollo Rural,Agricultura y Desarrollo Social,Nacional,Bogotá D.C.,Bogotá D.C.,Agricultura y Desarrollo Rural,cadena productiva flores - créditos flóres,2018 Jan 16 08:34:57 PM,https://www.datos.gov.co/resource/5r7c-365c.json,https://www.datos.gov.co/d/5r7c-365c,R04_Agricultura,R05_Economia,,2,2,[Objetivo] Créditos a flores | [Insumos] créditos (pocos registros) | [Impacto] financiamiento del sector | [Metodo] Razonamiento,,
j54g-3qgx,datos,"Cadena Productiva Piña - Area, Producción Y Rendimiento",,,,nacional,False,True,Ministerio de Agricultura y Desarrollo Rural,Agricultura y Desarrollo Rural,Nacional,Bogotá D.C.,Bogotá D.C.,Agricultura y Desarrollo Rural,,2019 Feb 25 09:09:51 PM,https://www.datos.gov.co/resource/j54g-3qgx.json,https://www.datos.gov.co/d/j54g-3qgx,R04_Agricultura,,,2,1,"[Objetivo] Informar sobre producción de piña | [Insumos] Área, producción y rendimiento | [Impacto] Apoyo a productores piñeros | [Metodo] Lexico: palabra='piña'",,
fhp4-vhme,Copia de piña 2018,,,,,nacional,False,False,Ministerio de Agricultura y Desarrollo Rural,Agricultura y Desarrollo Rural,Nacional,Bogotá D.C.,Bogotá D.C.,Agricultura y Desarrollo Rural,,2019 Nov 24 07:29:32 PM,https://www.datos.gov.co/resource/fhp4-vhme.json,https://www.datos.gov.co/d/fhp4-vhme,R04_Agricultura,,,2,1,[Objetivo] Datos de piña 2018 | [Insumos] Copia de información | [Impacto] Uso limitado | [Metodo] Lexico: palabra='piña',,
pyfi-ktac,"Visualización sin título - Basado en Cadena Productiva Arveja - Area, Producción Y Rendimiento",,,,,nacional,False,False,Ministerio de Agricultura y Desarrollo Rural,Agricultura y Desarrollo Rural,Nacional,Bogotá D.C.,Bogotá D.C.,Agricultura y Desarrollo Rural,,2019 Feb 23 03:20:03 AM,https://www.datos.gov.co/resource/pyfi-ktac.json,https://www.datos.gov.co/d/pyfi-ktac,R04_Agricultura,,,2,1,"[Objetivo] Visualización de arveja | [Insumos] Área, producción, rendimiento | [Impacto] Limitado | [Metodo] Lexico: palabra='arveja'",,
avgk-28ha,Visualización sin título - Basado en Cadena Productiva Avicultura - Importaciones,,,,,nacional,False,False,Ministerio de Agricultura y Desarrollo Rural,Agricultura y Desarrollo Rural,Nacional,Bogotá D.C.,Bogotá D.C.,Agricultura y Desarrollo Rural,,2018 Dec 27 09:44:54 PM,https://www.datos.gov.co/resource/avgk-28ha.json,https://www.datos.gov.co/d/avgk-28ha,R04_Agricultura,R05_Economia,,2,1,[Objetivo] Visualización de importaciones avícolas | [Insumos] Datos de importación | [Impacto] Potencial análisis comercial | [Metodo] Lexico: palabra='avicultura',,
kxj8-9vdz,"Visualización sin título - Basado en Cadena Productiva Aguacate - Area, Producción Y Rendimiento","Cadena Productiva Aguacate - Area, Producción Y Rendimiento",,,,nacional,False,True,Ministerio de Agricultura y Desarrollo Rural,Agricultura y Desarrollo Rural,Nacional,Bogotá D.C.,Bogotá D.C.,Agricultura y Desarrollo Rural,,2019 Feb 22 03:12:34 AM,https://www.datos.gov.co/resource/kxj8-9vdz.json,https://www.datos.gov.co/d/kxj8-9vdz,R04_Agricultura,,,2,1,"[Objetivo] Visualización de aguacate | [Insumos] Área, producción, rendimiento | [Impacto] Referencia para productores | [Metodo] Lexico: palabra='aguacate'",,
5tdv-p7yg,"Visualización sin título - Basado en Cadena Productiva Café - Area, Producción Y Rendimiento",,,,,nacional,False,False,Ministerio de Agricultura y Desarrollo Rural,Agricultura y Desarrollo Rural,Nacional,Bogotá D.C.,Bogotá D.C.,Agricultura y Desarrollo Rural,,2019 Feb 23 03:36:48 AM,https://www.datos.gov.co/resource/5tdv-p7yg.json,https://www.datos.gov.co/d/5tdv-p7yg,R04_Agricultura,,,2,1,"[Objetivo] Visualización de café | [Insumos] Área, producción, rendimiento | [Impacto] Apoyo a caficultores | [Metodo] Lexico: palabra='café'",,
nn7v-vqdc,"Visualización sin título - Basado en Cadena Productiva Papa - Area, Producción Y Rendimiento",,,,,nacional,False,False,Ministerio de Agricultura y Desarrollo Rural,Agricultura y Desarrollo Rural,Nacional,Bogotá D.C.,Bogotá D.C.,Agricultura y Desarrollo Rural,,2019 Feb 25 08:54:40 PM,https://www.datos.gov.co/resource/nn7v-vqdc.json,https://www.datos.gov.co/d/nn7v-vqdc,R04_Agricultura,,,2,1,"[Objetivo] Visualización de papa | [Insumos] Área, producción, rendimiento | [Impacto] Referencia para paperos | [Metodo] Lexico: palabra='papa'",,
